PHOENIX module padd; 10/31/16 at 13:23:38 -07:00
energy (meV),shifted spectra
-7.91618E+01, 8.90190E-01
-7.89118E+01, 4.68296E-02
-7.86618E+01, 4.64460E-02
-7.84118E+01, 4.57653E-02
-7.81618E+01, 2.85124E-02
-7.79118E+01, 1.69301E+00
-7.76618E+01, 1.20605E-01
-7.74118E+01, 8.45872E-01
-7.71618E+01, 9.15599E-01
-7.69118E+01, 1.91051E-01
-7.66618E+01, 1.64902E+00
-7.64118E+01, 1.15042E-02
-7.61618E+01, 2.67715E-02
-7.59118E+01, 8.52930E-02
-7.56618E+01, 8.75482E-01
-7.54118E+01, 2.49470E-02
-7.51618E+01, 8.39727E-02
-7.49118E+01, 8.78618E-01
-7.46618E+01, 3.17013E-02
-7.44118E+01, 3.97542E-02
-7.41618E+01, 3.97677E-02
-7.39118E+01, 9.06224E-01
-7.36618E+01, 4.01001E-02
-7.34118E+01, 3.92179E-02
-7.31618E+01, 8.84453E-01
-7.29118E+01, 6.40004E-02
-7.26618E+01, 1.71334E+00
-7.24118E+01, 9.62796E-01
-7.21618E+01, 9.13329E-01
-7.19118E+01, 2.36651E-03
-7.16618E+01, 1.08096E-01
-7.14118E+01, 9.35888E-01
-7.11618E+01, 8.32064E-01
-7.09118E+01, 1.07976E-02
-7.06618E+01, 8.53194E-02
-7.04118E+01, 8.74961E-01
-7.01618E+01, 3.40967E-02
-6.99118E+01, 3.46066E-02
-6.96618E+01, 6.68458E-02
-6.94118E+01, 9.01780E-01
-6.91618E+01, 1.76520E+00
-6.89118E+01, 4.11234E-02
-6.86618E+01, 4.04585E-02
-6.84118E+01, 1.76879E+00
-6.81618E+01, 4.03063E-02
-6.79118E+01, 2.33127E-02
-6.76618E+01, 3.98686E-02
-6.74118E+01, 3.94168E-02
-6.71618E+01, 2.17599E-02
-6.69118E+01, 1.73678E+00
-6.66618E+01, 3.76332E-02
-6.64118E+01, 3.82751E-02
-6.61618E+01, 3.91914E-02
-6.59118E+01, 2.45208E-02
-6.56618E+01, 8.42548E-02
-6.54118E+01, 8.67548E-01
-6.51618E+01, 7.56138E-02
-6.49118E+01, 8.79212E-01
-6.46618E+01, 3.13786E-02
-6.44118E+01, 3.95652E-02
-6.41618E+01, 3.95697E-02
-6.39118E+01, 3.99026E-02
-6.36618E+01, 4.00911E-02
-6.34118E+01, 9.07513E-01
-6.31618E+01, 9.10469E-01
-6.29118E+01, 3.79972E-02
-6.26618E+01, 8.78943E-01
-6.24118E+01, 8.03026E-02
-6.21618E+01, 2.84309E-02
-6.19118E+01, 1.90476E-02
-6.16618E+01, 1.72928E+00
-6.14118E+01, 1.65930E+00
-6.11618E+01, 3.54040E-02
-6.09118E+01, 1.21330E-01
-6.06618E+01, 8.46054E-01
-6.04118E+01, 7.38656E-02
-6.01618E+01, 8.74682E-01
-5.99118E+01, 7.32734E-02
-5.96618E+01, 8.74675E-01
-5.94118E+01, 7.20430E-02
-5.91618E+01, 8.85989E-01
-5.89118E+01, 3.76275E-02
-5.86618E+01, 3.77874E-02
-5.84118E+01, 3.72108E-02
-5.81618E+01, 9.14215E-01
-5.79118E+01, 3.64749E-02
-5.76618E+01, 2.77701E-02
-5.74118E+01, 3.61221E-02
-5.71618E+01, 3.58470E-02
-5.69118E+01, 3.52212E-02
-5.66618E+01, 2.51252E-02
-5.64118E+01, 8.68776E-01
-5.61618E+01, 2.11618E-03
-5.59118E+01, 1.20149E-01
-5.56618E+01, 8.67401E-01
-5.54118E+01, 2.71996E-02
-5.51618E+01, 3.55016E-02
-5.49118E+01, 3.57932E-02
-5.46618E+01, 2.71425E-02
-5.44118E+01, 7.89124E-02
-5.41618E+01, 8.84009E-01
-5.39118E+01, 3.54796E-02
-5.36618E+01, 9.17887E-01
-5.34118E+01, 3.51632E-02
-5.31618E+01, 3.38102E-02
-5.29118E+01, 9.23590E-01
-5.26618E+01, 3.22053E-02
-5.24118E+01, 2.40210E-02
-5.21618E+01, 3.30654E-02
-5.19118E+01, 3.24039E-02
-5.16618E+01, 3.17499E-02
-5.14118E+01, 3.09769E-02
-5.11618E+01, 1.17994E-01
-5.09118E+01, 8.58626E-01
-5.06618E+01, 1.00050E-01
-5.04118E+01, 8.60523E-01
-5.01618E+01, 6.75252E-02
-4.99118E+01, 8.96823E-01
-4.96618E+01, 2.51509E-02
-4.94118E+01, 3.42991E-02
-4.91618E+01, 2.68290E-02
-4.89118E+01, 7.73863E-02
-4.86618E+01, 9.18290E-01
-4.84118E+01, 3.48508E-02
-4.81618E+01, 9.18388E-01
-4.79118E+01, 9.19609E-01
-4.76618E+01, 9.20090E-01
-4.74118E+01, 6.75499E-02
-4.71618E+01, 1.67956E-02
-4.69118E+01, 8.70858E-01
-4.66618E+01, 2.65928E+00
-4.64118E+01, 9.80669E-01
-4.61618E+01, 3.43888E+00
-4.59118E+01, 9.66016E-01
-4.56618E+01, 1.75295E+00
-4.54118E+01, 1.01589E+00
-4.51618E+01, 1.70785E+00
-4.49118E+01, 4.15531E-03
-4.46618E+01, 5.67293E-02
-4.44118E+01, 9.97634E-01
-4.41618E+01, 1.77984E+00
-4.39118E+01, 2.70207E-02
-4.36618E+01, 2.72774E-02
-4.34118E+01, 2.75450E+00
-4.31618E+01, 9.37473E-01
-4.29118E+01, 2.64053E-02
-4.26618E+01, 2.76697E+00
-4.24118E+01, 2.76953E+00
-4.21618E+01, 1.03731E-01
-4.19118E+01, 2.67201E+00
-4.16618E+01, 1.51399E-01
-4.14118E+01, 8.91514E-01
-4.11618E+01, 5.66498E-02
-4.09118E+01, 1.05763E+00
-4.06618E+01, 1.81600E+00
-4.04118E+01, 9.29864E-01
-4.01618E+01, 8.98115E-01
-3.99118E+01, 1.09961E+00
-3.96618E+01, 3.60631E+00
-3.94118E+01, 1.63459E-02
-3.91618E+01, 9.99115E-01
-3.89118E+01, 1.76753E+00
-3.86618E+01, 2.79863E-02
-3.84118E+01, 9.32788E-01
-3.81618E+01, 2.74366E+00
-3.79118E+01, 9.34056E-01
-3.76618E+01, 9.36307E-01
-3.74118E+01, 2.73169E-02
-3.71618E+01, 2.64798E-02
-3.69118E+01, 8.37851E-03
-3.66618E+01, 1.75878E+00
-3.64118E+01, 4.54067E+00
-3.61618E+01, 2.90084E+00
-3.59118E+01, 1.01074E+00
-3.56618E+01, 4.17461E-01
-3.54118E+01, 4.48843E+00
-3.51618E+01, 1.94159E+00
-3.49118E+01, 2.53975E+00
-3.46618E+01, 1.54868E-01
-3.44118E+01, 3.74659E+00
-3.41618E+01, 2.83882E+00
-3.39118E+01, 3.71012E+00
-3.36618E+01, 2.67684E+00
-3.34118E+01, 1.01040E+00
-3.31618E+01, 2.76459E+00
-3.29118E+01, 9.40950E-01
-3.26618E+01, 9.42145E-01
-3.24118E+01, 2.78115E+00
-3.21618E+01, 9.43203E-01
-3.19118E+01, 1.80242E+00
-3.16618E+01, 2.77933E+00
-3.14118E+01, 1.02098E+00
-3.11618E+01, 1.81741E+00
-3.09118E+01, 1.86053E+00
-3.06618E+01, 3.60778E+00
-3.04118E+01, 1.92099E+00
-3.01618E+01, 2.86516E+00
-2.99118E+01, 2.63334E+00
-2.96618E+01, 1.04207E+00
-2.94118E+01, 2.85308E+00
-2.91618E+01, 3.85893E+00
-2.89118E+01, 5.56620E+00
-2.86618E+01, 3.72029E+00
-2.84118E+01, 3.79341E+00
-2.81618E+01, 4.65380E+00
-2.79118E+01, 1.87347E+00
-2.76618E+01, 9.47864E-01
-2.74118E+01, 1.87324E+00
-2.71618E+01, 5.57022E+00
-2.69118E+01, 1.87405E+00
-2.66618E+01, 3.61329E+00
-2.64118E+01, 4.64805E+00
-2.61618E+01, 4.68784E+00
-2.59118E+01, 3.79126E+00
-2.56618E+01, 2.83112E+00
-2.54118E+01, 3.86459E+00
-2.51618E+01, 4.64287E+00
-2.49118E+01, 3.80233E+00
-2.46618E+01, 3.43010E+00
-2.44118E+01, 1.23363E+00
-2.41618E+01, 7.47012E+00
-2.39118E+01, 3.79241E+00
-2.36618E+01, 3.68566E+00
-2.34118E+01, 9.18196E-01
-2.31618E+01, 1.00728E+00
-2.29118E+01, 2.86192E+00
-2.26618E+01, 5.71567E+00
-2.24118E+01, 2.87013E+00
-2.21618E+01, 9.67420E-01
-2.19118E+01, 1.91891E+00
-2.16618E+01, 4.78738E+00
-2.14118E+01, 2.96989E+00
-2.11618E+01, 3.78912E+00
-2.09118E+01, 2.91136E+00
-2.06618E+01, 4.67402E+00
-2.04118E+01, 7.29952E+00
-2.01618E+01, 1.81326E+00
-1.99118E+01, 2.03882E+00
-1.96618E+01, 2.77065E+00
-1.94118E+01, 2.39063E+00
-1.91618E+01, 6.64399E+00
-1.89118E+01, 1.85206E+00
-1.86618E+01, 9.99252E-01
-1.84118E+01, 1.99982E+00
-1.81618E+01, 2.93901E+00
-1.79118E+01, 2.90852E+00
-1.76618E+01, 1.93014E+00
-1.74118E+01, 3.82719E+00
-1.71618E+01, 3.83282E+00
-1.69118E+01, 1.92616E+00
-1.66618E+01, 1.23181E-02
-1.64118E+01, 2.76488E+00
-1.61618E+01, 1.99239E+00
-1.59118E+01, 1.94179E+00
-1.56618E+01, 6.94104E-02
-1.54118E+01, 1.83699E+00
-1.51618E+01, 3.11164E+00
-1.49118E+01, 4.82925E+00
-1.46618E+01, 3.90433E+00
-1.44118E+01, 3.80986E+00
-1.41618E+01, 2.98886E+00
-1.39118E+01, 3.81018E+00
-1.36618E+01, 8.98586E-01
-1.34118E+01, 6.56321E-02
-1.31618E+01, 2.03013E+00
-1.29118E+01, 3.02254E+00
-1.26618E+01, 3.92757E+00
-1.24118E+01, 2.92362E+00
-1.21618E+01, 1.94608E+00
-1.19118E+01, 2.91164E+00
-1.16618E+01, 9.77850E-01
-1.14118E+01, 1.94719E+00
-1.11618E+01, 9.79453E-01
-1.09118E+01, 5.66934E+00
-1.06618E+01, 1.21928E+00
-1.04118E+01, 9.24074E-01
-1.01618E+01, 2.15559E+00
-9.91180E+00, 3.84688E+00
-9.66180E+00, 3.05429E+00
-9.41180E+00, 5.17256E+00
-9.16180E+00, 6.74462E+00
-8.91180E+00, 3.88186E+00
-8.66180E+00, 2.98709E+00
-8.41180E+00, 2.84944E+00
-8.16180E+00, 3.92899E-03
-7.91180E+00, 1.01826E+00
-7.66180E+00, 2.13548E+00
-7.41180E+00, 4.97716E+00
-7.16180E+00, 2.98310E+00
-6.91180E+00, 3.95571E+00
-6.66180E+00, 2.96589E+00
-6.41180E+00, 2.95899E+00
-6.16180E+00, 2.95769E+00
-5.91180E+00, 4.86048E+00
-5.66180E+00, 3.99523E+00
-5.41180E+00, 3.95764E+00
-5.16180E+00, 2.02935E+00
-4.91180E+00, 3.92879E+00
-4.66180E+00, 2.99242E+00
-4.41180E+00, 2.82060E+00
-4.16180E+00, 9.07598E-01
-3.91180E+00, 1.18831E+00
-3.66180E+00, 4.03883E+00
-3.41180E+00, 6.25691E+00
-3.16180E+00, 1.07139E+01
-2.91180E+00, 3.95444E+00
-2.66180E+00, 5.05984E+00
-2.41180E+00, 6.03403E+00
-2.16180E+00, 5.04165E+00
-1.91180E+00, 1.00657E+01
-1.66180E+00, 1.00157E+01
-1.41180E+00, 1.90238E+01
-1.16180E+00, 2.50700E+01
-9.11800E-01, 6.73399E+01
-6.61800E-01, 1.86215E+02
-4.11800E-01, 3.73834E+02
-1.61800E-01, 5.09829E+02
 8.82003E-02, 4.87394E+02
 3.38200E-01, 3.57488E+02
 5.88200E-01, 2.00554E+02
 8.38200E-01, 1.08906E+02
 1.08820E+00, 6.13463E+01
 1.33820E+00, 3.26132E+01
 1.58820E+00, 1.08426E+01
 1.83820E+00, 6.03283E+00
 2.08820E+00, 3.93438E+00
 2.33820E+00, 2.29317E+00
 2.58820E+00, 8.18071E+00
 2.83820E+00, 6.09959E+00
 3.08820E+00, 3.01503E+00
 3.33820E+00, 3.99800E+00
 3.58820E+00, 2.98374E+00
 3.83820E+00, 3.96364E+00
 4.08820E+00, 3.95333E+00
 4.33820E+00, 4.89843E+00
 4.58820E+00, 3.95672E+00
 4.83820E+00, 6.80053E+00
 5.08820E+00, 3.11108E+00
 5.33820E+00, 4.95551E+00
 5.58820E+00, 3.66849E+00
 5.83820E+00, 1.13919E+00
 6.08820E+00, 2.80281E+00
 6.33820E+00, 1.26859E+00
 6.58820E+00, 5.03444E+00
 6.83820E+00, 4.95893E+00
 7.08820E+00, 3.96502E+00
 7.33820E+00, 2.89241E+00
 7.58820E+00, 1.02650E+00
 7.83820E+00, 3.19952E+00
 8.08820E+00, 7.05530E+00
 8.33820E+00, 6.05780E+00
 8.58820E+00, 4.02037E+00
 8.83820E+00, 5.00102E+00
 9.08820E+00, 4.96200E+00
 9.33820E+00, 4.96861E+00
 9.58820E+00, 3.98567E+00
 9.83820E+00, 5.91841E+00
 1.00882E+01, 2.16942E+00
 1.03382E+01, 1.92748E+00
 1.05882E+01, 4.13094E+00
 1.08382E+01, 4.76423E+00
 1.10882E+01, 3.33557E+00
 1.13382E+01, 6.80421E+00
 1.15882E+01, 4.12177E+00
 1.18382E+01, 7.03828E+00
 1.20882E+01, 5.94631E+00
 1.23382E+01, 3.95394E+00
 1.25882E+01, 3.03224E+00
 1.28382E+01, 4.14372E+00
 1.30882E+01, 6.06976E+00
 1.33382E+01, 4.06426E+00
 1.35882E+01, 1.01931E+01
 1.38382E+01, 3.04812E+00
 1.40882E+01, 7.07162E+00
 1.43382E+01, 5.02153E+00
 1.45882E+01, 7.92815E+00
 1.48382E+01, 2.23936E+00
 1.50882E+01, 4.83250E+00
 1.53382E+01, 6.00353E+00
 1.55882E+01, 7.18873E+00
 1.58382E+01, 6.48979E+00
 1.60882E+01, 1.10495E+00
 1.63382E+01, 5.70899E+00
 1.65882E+01, 1.06448E+01
 1.68382E+01, 4.02660E+00
 1.70882E+01, 5.04835E+00
 1.73382E+01, 3.99389E+00
 1.75882E+01, 3.12428E+00
 1.78382E+01, 5.11708E+00
 1.80882E+01, 5.17689E+00
 1.83382E+01, 6.17956E+00
 1.85882E+01, 5.17582E+00
 1.88382E+01, 8.31504E+00
 1.90882E+01, 3.13558E+00
 1.93382E+01, 7.28630E+00
 1.95882E+01, 5.18531E+00
 1.98382E+01, 4.09318E+00
 2.00882E+01, 6.01999E+00
 2.03382E+01, 8.09491E+00
 2.05882E+01, 5.23119E+00
 2.08382E+01, 3.11206E+00
 2.10882E+01, 5.27853E+00
 2.13382E+01, 6.96325E+00
 2.15882E+01, 6.49662E+00
 2.18382E+01, 1.12750E+01
 2.20882E+01, 9.99863E+00
 2.23382E+01, 6.20420E+00
 2.25882E+01, 8.04930E+00
 2.28382E+01, 4.11401E+00
 2.30882E+01, 5.23816E+00
 2.33382E+01, 6.11182E+00
 2.35882E+01, 4.14740E+00
 2.38382E+01, 7.28601E+00
 2.40882E+01, 7.30887E+00
 2.43382E+01, 4.16638E+00
 2.45882E+01, 6.26426E+00
 2.48382E+01, 9.23669E+00
 2.50882E+01, 1.33214E+01
 2.53382E+01, 1.65055E+01
 2.55882E+01, 6.55269E+00
 2.58382E+01, 9.20283E+00
 2.60882E+01, 8.20819E+00
 2.63382E+01, 7.98960E+00
 2.65882E+01, 6.22525E+00
 2.68382E+01, 8.57137E+00
 2.70882E+01, 1.12585E+01
 2.73382E+01, 8.19381E+00
 2.75882E+01, 7.28350E+00
 2.78382E+01, 8.32568E+00
 2.80882E+01, 8.42770E+00
 2.83382E+01, 1.04614E+01
 2.85882E+01, 9.40259E+00
 2.88382E+01, 4.18271E+00
 2.90882E+01, 5.24522E+00
 2.93382E+01, 5.25373E+00
 2.95882E+01, 7.36987E+00
 2.98382E+01, 1.05409E+01
 3.00882E+01, 8.52439E+00
 3.03382E+01, 6.33685E+00
 3.05882E+01, 5.21090E+00
 3.08382E+01, 5.20746E+00
 3.10882E+01, 1.97733E+00
 3.13382E+01, 3.62592E+00
 3.15882E+01, 7.87509E+00
 3.18382E+01, 3.46462E+00
 3.20882E+01, 8.20679E+00
 3.23382E+01, 6.34186E+00
 3.25882E+01, 8.13668E+00
 3.28382E+01, 4.31741E+00
 3.30882E+01, 9.77783E+00
 3.33382E+01, 1.34126E+01
 3.35882E+01, 5.32106E+00
 3.38382E+01, 7.40978E+00
 3.40882E+01, 4.23470E+00
 3.43382E+01, 3.16604E+00
 3.45882E+01, 8.51750E+00
 3.48382E+01, 1.06720E+01
 3.50882E+01, 3.20151E+00
 3.53382E+01, 2.07287E+00
 3.55882E+01, 4.15455E+00
 3.58382E+01, 7.41164E+00
 3.60882E+01, 5.61843E+00
 3.63382E+01, 8.54514E+00
 3.65882E+01, 6.42912E+00
 3.68382E+01, 5.21920E+00
 3.70882E+01, 3.33260E+00
 3.73382E+01, 4.14072E+00
 3.75882E+01, 2.34102E+00
 3.78382E+01, 5.26379E+00
 3.80882E+01, 1.45953E-01
 3.83382E+01, 5.46471E+00
 3.85882E+01, 4.64344E+00
 3.88382E+01, 8.91673E+00
 3.90882E+01, 3.33832E+00
 3.93382E+01, 4.46073E+00
 3.95882E+01, 4.45319E+00
 3.98382E+01, 8.93328E+00
 4.00882E+01, 4.43894E+00
 4.03382E+01, 6.58034E+00
 4.05882E+01, 5.60942E+00
 4.08382E+01, 5.48279E+00
 4.10882E+01, 6.57276E+00
 4.13382E+01, 2.44621E+00
 4.15882E+01, 6.45057E+00
 4.18382E+01, 4.31442E+00
 4.20882E+01, 4.34861E+00
 4.23382E+01, 4.47961E+00
 4.25882E+01, 5.38069E+00
 4.28382E+01, 3.13526E+00
 4.30882E+01, 2.46567E+00
 4.33382E+01, 8.68319E+00
 4.35882E+01, 4.21030E+00
 4.38382E+01, 9.89606E-01
 4.40882E+01, 1.08078E+00
 4.43382E+01, 6.66343E+00
 4.45882E+01, 2.19328E+00
 4.48382E+01, 4.44901E+00
 4.50882E+01, 2.20942E+00
 4.53382E+01, 3.34036E+00
 4.55882E+01, 4.43121E+00
 4.58382E+01, 4.43281E+00
 4.60882E+01, 8.82634E+00
 4.63382E+01, 6.85419E+00
 4.65882E+01, 4.56058E+00
 4.68382E+01, 6.58313E+00
 4.70882E+01, 5.43195E+00
 4.73382E+01, 4.03946E+00
 4.75882E+01, 1.26712E+00
 4.78382E+01, 4.44508E+00
 4.80882E+01, 4.35773E+00
 4.83382E+01, 3.38325E+00
 4.85882E+01, 5.59811E+00
 4.88382E+01, 5.46715E+00
 4.90882E+01, 3.24864E+00
 4.93382E+01, 2.20409E+00
 4.95882E+01, 3.34419E+00
 4.98382E+01, 3.35468E+00
 5.00882E+01, 4.50206E+00
 5.03382E+01, 1.09666E+00
 5.05882E+01, 1.44355E-03
 5.08382E+01, 3.27642E+00
 5.10882E+01, 1.15389E-01
 5.13382E+01, 1.03349E+00
 5.15882E+01,-3.98392E-02
 5.18382E+01, 2.73820E-01
 5.20882E+01, 3.20710E+00
 5.23382E+01, 1.13623E+00
 5.25882E+01, 2.26892E+00
 5.28382E+01, 1.99403E+00
 5.30882E+01, 4.40735E-02
 5.33382E+01, 2.18156E+00
 5.35882E+01, 1.08346E+00
 5.38382E+01, 1.02133E+00
 5.40882E+01, 2.57984E-02
 5.43382E+01, 2.23221E+00
 5.45882E+01, 3.38936E+00
 5.48382E+01,-4.20540E-02
 5.50882E+01,-4.31531E-02
 5.53382E+01,-4.28719E-02
 5.55882E+01, 1.10568E+00
 5.58382E+01,-2.77015E-03
 5.60882E+01, 1.05372E+00
 5.63382E+01, 1.13107E+00
 5.65882E+01,-9.25763E-04
 5.68382E+01, 1.00451E+00
 5.70882E+01, 1.57376E-01
 5.73382E+01, 2.10932E+00
 5.75882E+01,-4.30869E-02
 5.78382E+01, 6.62741E-02
 5.80882E+01, 1.04968E+00
 5.83382E+01, 5.86056E-03
 5.85882E+01, 1.11386E+00
 5.88382E+01, 1.04891E+00
 5.90882E+01,-4.38854E-02
 5.93382E+01,-4.36739E-02
 5.95882E+01,-4.57296E-02
 5.98382E+01, 1.10221E+00
 6.00882E+01,-4.56423E-02
 6.03382E+01,-4.67566E-02
 6.05882E+01,-4.86353E-02
 6.08382E+01, 2.27922E+00
 6.10882E+01, 2.32630E+00
 6.13382E+01, 3.21270E-02
 6.15882E+01, 1.05213E+00
 6.18382E+01, 1.14339E+00
 6.20882E+01, 1.00851E+00
 6.23382E+01, 4.13184E-02
 6.25882E+01, 1.05219E+00
 6.28382E+01,-5.43482E-02
 6.30882E+01,-5.60903E-02
 6.33382E+01, 1.43008E-03
 6.35882E+01, 1.10337E+00
 6.38382E+01,-6.15552E-02
 6.40882E+01,-6.50658E-02
 6.43382E+01,-6.76015E-02
 6.45882E+01,-6.80057E-02
 6.48382E+01,-6.53861E-02
 6.50882E+01,-6.53595E-02
 6.53382E+01,-6.59011E-02
 6.55882E+01, 2.39174E+00
 6.58382E+01,-6.85340E-02
 6.60882E+01,-6.96214E-02
 6.63382E+01,-6.97172E-02
 6.65882E+01, 1.12874E+00
 6.68382E+01,-2.23651E-02
 6.70882E+01, 1.07619E+00
 6.73382E+01, 2.62293E-02
 6.75882E+01, 1.08825E+00
 6.78382E+01,-6.58448E-02
 6.80882E+01,-6.46802E-02
 6.83382E+01,-6.46896E-02
 6.85882E+01,-6.68574E-02
 6.88382E+01,-1.75753E-02
 6.90882E+01, 1.10747E+00
 6.93382E+01,-1.71035E-02
 6.95882E+01, 1.23885E+00
 6.98382E+01, 2.38102E+00
 7.00882E+01,-6.75983E-02
 7.03382E+01,-6.90940E-02
 7.05882E+01,-6.86783E-02
 7.08382E+01, 1.16455E+00
 7.10882E+01,-7.00737E-02
 7.13382E+01, 1.12776E+00
 7.15882E+01,-2.72403E-02
 7.18382E+01, 2.36713E+00
 7.20882E+01,-7.91776E-02
 7.23382E+01,-8.00615E-02
 7.25882E+01, 1.97951E-02
 7.28382E+01, 1.23028E+00
 7.30882E+01, 1.05831E+00
 7.33382E+01, 2.14748E-02
 7.35882E+01, 1.13018E+00
 7.38382E+01,-7.05325E-02
 7.40882E+01,-6.92758E-02
 7.43382E+01,-6.86513E-02
 7.45882E+01,-6.89268E-02
 7.48382E+01,-7.03247E-02
 7.50882E+01,-7.00010E-02
 7.53382E+01, 2.40039E+00
 7.55882E+01,-7.16998E-02
 7.58382E+01, 1.17823E+00
 7.60882E+01, 2.44501E+00
 7.63382E+01, 2.99053E-02
 7.65882E+01,-7.90309E-02
 7.68382E+01,-8.02842E-02
 7.70882E+01,-8.04574E-02
 7.73382E+01, 1.18693E-01
 7.75882E+01, 2.51217E+00
 7.78382E+01, 2.52033E+00
 7.80882E+01, 2.25772E+00
 7.83382E+01,-7.85124E-02
 7.85882E+01, 1.63099E-01
 7.88382E+01, 2.34680E+00
 7.90882E+01,-7.30432E-02
 7.93382E+01,-7.23587E-02
 7.95882E+01,-7.25697E-02
 7.98382E+01,-7.40215E-02
 8.00882E+01,-7.38965E-02
 8.03382E+01, 1.18140E+00
 8.05882E+01,-7.85589E-02
 8.08382E+01,-8.07173E-02

-7.89646E+01, 7.53692E-03
-7.87146E+01, 9.82574E-01
-7.84646E+01, 6.86876E-03
-7.82146E+01, 6.81155E-03
-7.79646E+01, 6.60049E-03
-7.77146E+01, 9.54788E-01
-7.74646E+01, 4.57166E-02
-7.72146E+01, 9.26787E-01
-7.69646E+01, 1.95630E+00
-7.67146E+01, 6.52269E-03
-7.64646E+01, 6.55178E-03
-7.62146E+01, 6.50219E-03
-7.59646E+01, 6.26150E-03
-7.57146E+01, 6.18174E-03
-7.54646E+01, 4.54555E-02
-7.52146E+01, 1.00331E+00
-7.49646E+01, 9.44969E-01
-7.47146E+01, 6.90974E-03
-7.44646E+01, 5.42065E-02
-7.42146E+01, 9.83217E-01
-7.39646E+01, 7.20679E-03
-7.37146E+01, 6.97835E-03
-7.34646E+01, 6.65412E-03
-7.32146E+01, 9.84362E-01
-7.29646E+01, 5.41134E-02
-7.27146E+01, 7.46522E-03
-7.24646E+01, 7.31840E-03
-7.22146E+01, 9.43367E-01
-7.19646E+01, 1.00340E+00
-7.17146E+01, 7.67208E-03
-7.14646E+01, 7.57022E-03
-7.12146E+01, 1.03548E-01
-7.09646E+01, 9.22525E-01
-7.07146E+01, 7.78653E-03
-7.04646E+01, 7.91837E-03
-7.02146E+01, 5.64145E-02
-6.99646E+01, 9.42318E-01
-6.97146E+01, 4.62605E-02
-6.94646E+01, 9.53428E-01
-6.92146E+01, 7.91364E-03
-6.89646E+01, 7.90891E-03
-6.87146E+01, 8.15952E-03
-6.84646E+01, 8.53700E-03
-6.82146E+01, 8.37669E-03
-6.79646E+01, 9.80950E-01
-6.77146E+01, 5.47428E-02
-6.74646E+01, 7.61253E-03
-6.72146E+01, 1.89971E+00
-6.69646E+01, 1.04068E-01
-6.67146E+01, 7.30491E-03
-6.64646E+01, 1.02150E-01
-6.62146E+01, 9.05162E-01
-6.59646E+01, 6.68948E-02
-6.57146E+01, 1.01931E+00
-6.54646E+01, 9.33488E-01
-6.52146E+01, 3.73567E-02
-6.49646E+01, 1.00064E+00
-6.47146E+01, 9.34049E-01
-6.44646E+01, 4.57043E-02
-6.42146E+01, 9.55696E-01
-6.39646E+01, 7.21630E-03
-6.37146E+01, 7.55827E-03
-6.34646E+01, 6.77340E-03
-6.32146E+01, 7.05454E-03
-6.29646E+01, 1.96078E+00
-6.27146E+01, 7.76212E-03
-6.24646E+01, 9.36048E-01
-6.22146E+01, 5.46907E-02
-6.19646E+01, 7.01588E-03
-6.17146E+01, 9.44729E-01
-6.14646E+01, 9.92661E-01
-6.12146E+01, 9.83133E-01
-6.09646E+01, 9.82757E-01
-6.07146E+01, 9.99413E-01
-6.04646E+01, 9.07152E-01
-6.02146E+01, 7.78884E-03
-5.99646E+01, 7.85583E-03
-5.97146E+01, 7.70902E-03
-5.94646E+01, 7.75799E-03
-5.92146E+01, 7.88127E-03
-5.89646E+01, 5.48834E-02
-5.87146E+01, 9.81325E-01
-5.84646E+01, 7.80002E-03
-5.82146E+01, 9.81513E-01
-5.79646E+01, 8.27287E-03
-5.77146E+01, 8.49930E-03
-5.74646E+01, 9.52085E-01
-5.72146E+01, 4.60760E-02
-5.69646E+01, 9.43275E-01
-5.67146E+01, 4.64884E-02
-5.64646E+01, 9.45991E-01
-5.62146E+01, 7.21247E-03
-5.59646E+01, 6.94062E-03
-5.57146E+01, 1.01554E-01
-5.54646E+01, 9.26856E-01
-5.52146E+01, 7.26783E-03
-5.49646E+01, 7.36601E-03
-5.47146E+01, 7.39099E-03
-5.44646E+01, 4.63939E-02
-5.42146E+01, 1.00130E+00
-5.39646E+01, 9.26355E-01
-5.37146E+01, 7.24958E-03
-5.34646E+01, 1.95873E+00
-5.32146E+01, 9.83473E-01
-5.29646E+01, 1.96051E+00
-5.27146E+01, 9.83806E-01
-5.24646E+01, 9.83684E-01
-5.22146E+01, 4.46656E-02
-5.19646E+01, 7.17540E-03
-5.17146E+01, 9.53320E-01
-5.14646E+01, 4.62865E-02
-5.12146E+01, 9.46283E-01
-5.09646E+01, 2.70192E-01
-5.07146E+01, 2.71771E+00
-5.04646E+01, 1.42680E-01
-5.02146E+01, 1.84648E+00
-4.99646E+01, 7.05853E-03
-4.97146E+01, 1.04011E-01
-4.94646E+01, 1.89842E+00
-4.92146E+01, 7.39004E-03
-4.89646E+01, 7.45741E-03
-4.87146E+01, 7.60631E-03
-4.84646E+01, 7.87578E-03
-4.82146E+01, 7.61519E-03
-4.79646E+01, 9.82696E-01
-4.77146E+01, 7.25909E-03
-4.74646E+01, 1.95835E+00
-4.72146E+01, 1.04868E+00
-4.69646E+01, 3.74881E-02
-4.67146E+01, 7.62448E-03
-4.64646E+01, 9.34197E-01
-4.62146E+01, 1.93974E+00
-4.59646E+01, 9.78874E-01
-4.57146E+01, 8.68699E-01
-4.54646E+01, 1.63579E-01
-4.52146E+01, 1.89943E+00
-4.49646E+01, 1.07624E+00
-4.47146E+01, 1.87020E+00
-4.44646E+01, 8.52549E-02
-4.42146E+01, 1.90031E+00
-4.39646E+01, 6.87715E-03
-4.37146E+01, 7.24538E-02
-4.34646E+01, 1.96148E+00
-4.32146E+01, 2.93801E+00
-4.29646E+01, 9.84051E-01
-4.27146E+01, 9.84017E-01
-4.24646E+01, 1.96313E+00
-4.22146E+01, 9.85332E-01
-4.19646E+01, 2.88866E+00
-4.17146E+01, 1.31723E-01
-4.14646E+01, 8.98385E-01
-4.12146E+01, 2.87896E+00
-4.09646E+01, 2.01891E+00
-4.07146E+01, 1.98094E+00
-4.04646E+01, 1.90442E+00
-4.02146E+01, 8.88785E-01
-3.99646E+01, 6.45827E-03
-3.97146E+01, 6.55151E-03
-3.94646E+01, 7.50235E-02
-3.92146E+01, 2.03420E+00
-3.89646E+01, 2.91011E+00
-3.87146E+01, 1.99814E+00
-3.84646E+01, 2.95678E+00
-3.82146E+01, 2.94722E+00
-3.79646E+01, 2.94683E+00
-3.77146E+01, 1.96699E+00
-3.74646E+01, 3.92732E+00
-3.72146E+01, 5.72033E-03
-3.69646E+01, 1.96884E+00
-3.67146E+01, 1.03679E+00
-3.64646E+01, 1.89796E+00
-3.62146E+01, 4.82955E+00
-3.59646E+01, 4.03247E+00
-3.57146E+01, 1.09465E+00
-3.54646E+01, 9.34408E-01
-3.52146E+01, 1.29756E+00
-3.49646E+01, 3.64868E+00
-3.47146E+01, 4.50080E-02
-3.44646E+01, 2.10776E+00
-3.42146E+01, 3.78244E+00
-3.39646E+01, 2.68200E-02
-3.37146E+01, 2.09813E+00
-3.34646E+01, 3.81460E+00
-3.32146E+01, 1.09190E+00
-3.29646E+01, 3.93675E+00
-3.27146E+01, 1.97277E+00
-3.24646E+01, 1.97250E+00
-3.22146E+01, 1.97480E+00
-3.19646E+01, 2.95906E+00
-3.17146E+01, 1.03670E+00
-3.14646E+01, 4.78330E+00
-3.12146E+01, 2.13853E+00
-3.09646E+01, 9.51716E-01
-3.07146E+01, 5.72016E+00
-3.04646E+01, 3.68748E+00
-3.02146E+01, 2.21145E+00
-2.99646E+01, 4.79073E+00
-2.97146E+01, 3.14832E+00
-2.94646E+01, 4.64697E+00
-2.92146E+01, 9.75326E-01
-2.89646E+01, 2.10108E+00
-2.87146E+01, 3.74825E+00
-2.84646E+01, 2.28788E-01
-2.82146E+01, 5.81696E+00
-2.79646E+01, 2.96146E+00
-2.77146E+01, 6.90763E+00
-2.74646E+01, 9.90723E-01
-2.72146E+01, 7.88861E+00
-2.69646E+01, 2.96098E+00
-2.67146E+01, 3.94522E+00
-2.64646E+01, 2.97843E+00
-2.62146E+01, 5.79730E+00
-2.59646E+01, 5.01869E+00
-2.57146E+01, 2.05959E+00
-2.54646E+01, 3.82620E+00
-2.52146E+01, 3.75047E+00
-2.49646E+01, 3.55631E+00
-2.47146E+01, 8.29840E+00
-2.44646E+01, 1.08709E+00
-2.42146E+01, 3.94282E+00
-2.39646E+01, 2.87378E+00
-2.37146E+01, 2.12478E+00
-2.34646E+01, 5.98601E+00
-2.32146E+01, 5.79817E+00
-2.29646E+01, 2.92100E+00
-2.27146E+01, 2.95789E+00
-2.24646E+01, 3.94366E+00
-2.22146E+01, 2.95876E+00
-2.19646E+01, 2.95933E+00
-2.17146E+01, 2.95906E+00
-2.14646E+01, 5.91524E+00
-2.12146E+01, 3.07553E+00
-2.09646E+01, 5.78333E+00
-2.07146E+01, 5.00875E+00
-2.04646E+01, 3.99509E+00
-2.02146E+01, 1.92976E+00
-1.99646E+01, 1.93672E+00
-1.97146E+01, 2.14934E+00
-1.94646E+01, 3.93607E+00
-1.92146E+01, 2.71501E+00
-1.89646E+01, 1.16831E+00
-1.87146E+01, 4.79478E+00
-1.84646E+01, 1.03158E+00
-1.82146E+01, 2.96606E+00
-1.79646E+01, 3.06266E+00
-1.77146E+01, 4.94129E+00
-1.74646E+01, 2.96772E+00
-1.72146E+01, 9.91109E-01
-1.69646E+01, 3.95691E+00
-1.67146E+01, 7.90407E+00
-1.64646E+01, 7.90345E+00
-1.62146E+01, 1.25743E+00
-1.59646E+01, 9.20435E-01
-1.57146E+01, 1.90745E+00
-1.54646E+01, 5.81997E+00
-1.52146E+01, 5.04215E+00
-1.49646E+01, 4.86385E+00
-1.47146E+01, 4.05011E+00
-1.44646E+01, 4.87713E+00
-1.42146E+01, 4.17760E+00
-1.39646E+01, 5.86953E+00
-1.37146E+01, 3.01032E+00
-1.34646E+01, 3.96518E+00
-1.32146E+01, 2.92989E+00
-1.29646E+01, 1.98749E+00
-1.27146E+01, 3.14885E+00
-1.24646E+01, 6.95844E+00
-1.22146E+01, 6.95613E+00
-1.19646E+01, 4.96676E+00
-1.17146E+01, 1.98669E+00
-1.14646E+01, 2.97498E+00
-1.12146E+01, 3.20094E-03
-1.09646E+01, 2.82917E+00
-1.07146E+01, 3.01830E+00
-1.04646E+01, 1.04345E+00
-1.02146E+01, 3.83434E+00
-9.96462E+00, 3.12932E+00
-9.71462E+00, 4.96163E+00
-9.46462E+00, 3.67881E+00
-9.21462E+00, 1.04540E+00
-8.96462E+00, 1.76418E+00
-8.71462E+00, 1.54950E-01
-8.46462E+00, 3.94142E+00
-8.21462E+00, 2.94870E+00
-7.96462E+00, 2.92921E+00
-7.71462E+00, 3.09923E+00
-7.46462E+00, 5.83917E+00
-7.21462E+00, 2.95528E+00
-6.96462E+00, 9.87730E-01
-6.71462E+00, 3.93788E+00
-6.46462E+00, 9.88270E-01
-6.21462E+00, 4.92579E+00
-5.96462E+00, 5.91257E+00
-5.71462E+00, 5.95121E+00
-5.46462E+00, 3.07578E+00
-5.21462E+00, 2.94758E+00
-4.96462E+00, 9.98832E-01
-4.71462E+00, 6.71618E+00
-4.46462E+00, 4.34050E+00
-4.21462E+00, 8.75270E+00
-3.96462E+00, 5.60781E+00
-3.71462E+00, 4.29810E+00
-3.46462E+00, 8.87566E+00
-3.21462E+00, 7.87690E+00
-2.96462E+00, 6.70168E+00
-2.71462E+00, 3.08296E+00
-2.46462E+00, 6.97287E+00
-2.21462E+00, 6.93244E+00
-1.96462E+00, 5.94615E+00
-1.71462E+00, 1.28573E+01
-1.46462E+00, 1.48238E+01
-1.21462E+00, 2.47051E+01
-9.64622E-01, 6.33432E+01
-7.14622E-01, 1.52970E+02
-4.64622E-01, 3.77975E+02
-2.14622E-01, 6.19721E+02
 3.53781E-02, 6.26095E+02
 2.85378E-01, 4.71322E+02
 5.35378E-01, 2.55148E+02
 7.85378E-01, 1.50519E+02
 1.03538E+00, 7.59240E+01
 1.28538E+00, 2.66457E+01
 1.53538E+00, 1.36514E+01
 1.78538E+00, 1.07623E+01
 2.03538E+00, 6.68997E+00
 2.28538E+00, 2.01004E+00
 2.53538E+00, 4.07157E+00
 2.78538E+00, 4.76819E+00
 3.03538E+00, 9.96187E-01
 3.28538E+00, 6.96097E+00
 3.53538E+00, 3.97711E+00
 3.78538E+00, 3.97316E+00
 4.03538E+00, 2.98245E+00
 4.28538E+00, 6.97190E+00
 4.53538E+00, 6.07631E+00
 4.78538E+00, 4.05608E+00
 5.03538E+00, 3.97194E+00
 5.28538E+00, 3.00416E+00
 5.53538E+00, 5.16143E+00
 5.78538E+00, 7.15507E+00
 6.03538E+00, 7.67696E+00
 6.28538E+00, 3.82263E+00
 6.53538E+00, 2.94646E+00
 6.78538E+00, 3.02181E+00
 7.03538E+00, 3.98976E+00
 7.28538E+00, 3.91856E+00
 7.53538E+00, 4.27943E+00
 7.78538E+00, 9.67494E+00
 8.03538E+00, 3.09559E+00
 8.28538E+00, 6.96141E+00
 8.53538E+00, 3.98192E+00
 8.78538E+00, 6.97544E+00
 9.03538E+00, 5.97666E+00
 9.28538E+00, 3.98552E+00
 9.53538E+00, 4.92152E+00
 9.78538E+00, 4.99968E+00
 1.00354E+01, 4.02633E+00
 1.02854E+01, 3.97114E+00
 1.05354E+01, 4.91963E+00
 1.07854E+01, 7.79714E+00
 1.10354E+01, 5.05331E+00
 1.12854E+01, 5.84907E+00
 1.15354E+01, 3.91635E+00
 1.17854E+01, 4.05412E+00
 1.20354E+01, 6.05547E+00
 1.22854E+01, 6.84334E+00
 1.25354E+01, 4.04318E+00
 1.27854E+01, 5.99431E+00
 1.30354E+01, 6.09183E+00
 1.32854E+01, 7.99231E+00
 1.35354E+01, 5.99696E+00
 1.37854E+01, 4.00215E+00
 1.40354E+01, 8.00846E+00
 1.42854E+01, 5.00846E+00
 1.45354E+01, 6.00275E+00
 1.47854E+01, 8.94713E+00
 1.50354E+01, 4.19844E+00
 1.52854E+01, 6.81086E+00
 1.55354E+01, 1.00067E+01
 1.57854E+01, 3.14553E+00
 1.60354E+01, 7.16287E+00
 1.62854E+01, 8.07979E+00
 1.65354E+01, 7.83800E+00
 1.67854E+01, 6.20469E+00
 1.70354E+01, 7.98045E+00
 1.72854E+01, 6.06076E+00
 1.75354E+01, 6.90635E+00
 1.77854E+01, 6.36052E+00
 1.80354E+01, 1.26485E+01
 1.82854E+01, 4.21837E+00
 1.85354E+01, 1.10025E+01
 1.87854E+01, 7.00133E+00
 1.90354E+01, 5.01089E+00
 1.92854E+01, 1.10116E+01
 1.95354E+01, 8.01733E+00
 1.97854E+01, 4.00932E+00
 2.00354E+01, 3.00967E+00
 2.02854E+01, 2.95349E+00
 2.05354E+01, 7.85604E+00
 2.07854E+01, 4.16832E+00
 2.10354E+01, 8.30865E+00
 2.12854E+01, 9.91747E+00
 2.15354E+01, 7.99549E+00
 2.17854E+01, 8.07841E+00
 2.20354E+01, 7.66520E+00
 2.22854E+01, 5.30932E+00
 2.25354E+01, 1.19829E+01
 2.27854E+01, 7.91568E+00
 2.30354E+01, 6.00000E+00
 2.32854E+01, 6.04796E+00
 2.35354E+01, 7.09401E+00
 2.37854E+01, 9.05213E+00
 2.40354E+01, 1.20851E+01
 2.42854E+01, 6.04059E+00
 2.45354E+01, 1.31072E+01
 2.47854E+01, 1.31098E+01
 2.50354E+01, 8.29152E+00
 2.52854E+01, 5.03452E+00
 2.55354E+01, 1.28331E+01
 2.57854E+01, 5.35724E+00
 2.60354E+01, 1.19215E+01
 2.62854E+01, 8.21156E+00
 2.65354E+01, 9.79736E+00
 2.67854E+01, 7.36948E+00
 2.70354E+01, 1.08688E+01
 2.72854E+01, 8.19676E+00
 2.75354E+01, 1.22648E+01
 2.77854E+01, 1.40319E+01
 2.80354E+01, 1.09826E+01
 2.82854E+01, 9.08480E+00
 2.85354E+01, 8.92811E+00
 2.87854E+01, 6.04975E+00
 2.90354E+01, 1.00883E+01
 2.92854E+01, 5.04007E+00
 2.95354E+01, 1.21045E+01
 2.97854E+01, 1.00858E+01
 3.00354E+01, 5.04405E+00
 3.02854E+01, 1.37320E+01
 3.05354E+01, 1.33041E+01
 3.07854E+01, 7.30115E+00
 3.10354E+01, 7.04339E+00
 3.12854E+01, 5.12313E+00
 3.15354E+01, 5.87643E+00
 3.17854E+01, 4.10784E+00
 3.20354E+01, 6.29266E+00
 3.22854E+01, 9.46554E+00
 3.25354E+01, 1.19731E+01
 3.27854E+01, 8.16244E+00
 3.30354E+01, 1.00592E+01
 3.32854E+01, 6.78386E+00
 3.35354E+01, 2.27126E+00
 3.37854E+01, 9.11641E+00
 3.40354E+01, 7.06643E+00
 3.42854E+01, 5.04038E+00
 3.45354E+01, 1.41226E+01
 3.47854E+01, 5.05387E+00
 3.50354E+01, 8.09862E+00
 3.52854E+01, 9.11871E+00
 3.55354E+01, 7.14284E+00
 3.57854E+01, 9.99793E+00
 3.60354E+01, 8.18557E+00
 3.62854E+01, 8.64930E+00
 3.65354E+01, 4.35043E+00
 3.67854E+01, 7.76922E+00
 3.70354E+01, 4.38827E+00
 3.72854E+01, 7.78721E+00
 3.75354E+01, 2.84790E+00
 3.77854E+01, 2.02874E+00
 3.80354E+01, 3.18441E+00
 3.82854E+01, 6.04310E+00
 3.85354E+01, 5.16637E+00
 3.87854E+01, 6.91211E+00
 3.90354E+01, 3.03334E+00
 3.92854E+01, 6.06523E+00
 3.95354E+01, 4.04285E+00
 3.97854E+01, 8.10718E+00
 4.00354E+01, 5.07412E+00
 4.02854E+01, 3.04439E+00
 4.05354E+01, 7.90539E+00
 4.07854E+01, 8.19395E+00
 4.10354E+01, 5.20033E+00
 4.12854E+01, 4.04392E+00
 4.15354E+01, 5.87718E+00
 4.17854E+01, 3.05459E+00
 4.20354E+01, 4.23632E+00
 4.22854E+01, 4.77582E+00
 4.25354E+01, 8.58629E-01
 4.27854E+01, 1.13885E+00
 4.30354E+01, 5.38998E+00
 4.32854E+01, 8.79754E+00
 4.35354E+01, 1.60110E-01
 4.37854E+01, 6.11838E+00
 4.40354E+01, 5.14133E+00
 4.42854E+01, 6.11436E+00
 4.45354E+01, 4.07828E+00
 4.47854E+01, 6.11713E+00
 4.50354E+01, 6.12019E+00
 4.52854E+01, 3.05712E+00
 4.55354E+01, 6.13059E+00
 4.57854E+01, 5.17977E+00
 4.60354E+01, 5.09993E+00
 4.62854E+01, 5.12516E+00
 4.65354E+01, 3.10512E+00
 4.67854E+01, 6.08765E+00
 4.70354E+01, 5.28945E+00
 4.72854E+01, 7.16017E+00
 4.75354E+01, 6.11316E+00
 4.77854E+01, 4.85471E+00
 4.80354E+01, 2.02399E+00
 4.82854E+01, 3.28614E+00
 4.85354E+01, 7.09910E+00
 4.87854E+01, 4.26182E+00
 4.90354E+01, 6.94588E+00
 4.92854E+01, 1.06509E+00
 4.95354E+01, 3.06473E+00
 4.97854E+01,-7.64848E-03
 5.00354E+01,-7.65373E-03
 5.02854E+01, 1.01798E+00
 5.05354E+01, 4.09355E+00
 5.07854E+01, 1.60313E-01
 5.10354E+01, 1.93451E+00
 5.12854E+01, 1.06863E+00
 5.15354E+01, 1.99478E+00
 5.17854E+01, 1.98131E+00
 5.20354E+01, 8.61737E-01
 5.22854E+01, 2.38471E-01
 5.25354E+01, 3.05344E+00
 5.27854E+01, 2.04493E+00
 5.30354E+01, 1.96868E+00
 5.32854E+01, 1.01116E+00
 5.35354E+01, 1.02060E+00
 5.37854E+01, 1.03005E+00
 5.40354E+01, 9.79965E-01
 5.42854E+01,-8.79937E-03
 5.45354E+01,-8.32198E-03
 5.47854E+01, 2.04340E+00
 5.50354E+01, 1.01821E+00
 5.52854E+01,-8.77615E-03
 5.55354E+01,-8.91901E-03
 5.57854E+01, 2.05108E+00
 5.60354E+01, 2.05899E+00
 5.62854E+01, 3.04755E+00
 5.65354E+01, 2.11141E+00
 5.67854E+01, 1.03962E+00
 5.70354E+01, 1.99326E+00
 5.72854E+01, 1.02153E+00
 5.75354E+01, 9.20179E-01
 5.77854E+01, 5.34328E-02
 5.80354E+01, 1.06238E+00
 5.82854E+01, 9.82395E-01
 5.85354E+01,-9.60214E-03
 5.87854E+01,-9.71002E-03
 5.90354E+01,-9.97564E-03
 5.92854E+01,-1.01030E-02
 5.95354E+01, 3.95210E-02
 5.97854E+01, 1.02281E+00
 6.00354E+01,-9.52368E-03
 6.02854E+01,-9.27410E-03
 6.05354E+01,-9.26349E-03
 6.07854E+01,-9.61405E-03
 6.10354E+01, 1.02187E+00
 6.12854E+01, 2.97661E-02
 6.15354E+01, 9.83201E-01
 6.17854E+01, 1.62764E-02
 6.20354E+01, 2.02360E+00
 6.22854E+01, 1.02422E+00
 6.25354E+01, 9.42011E-01
 6.27854E+01,-1.07074E-02
 6.30354E+01,-1.05179E-02
 6.32854E+01, 6.89947E-02
 6.35354E+01, 1.04322E+00
 6.37854E+01, 9.73843E-01
 6.40354E+01, 3.04725E-02
 6.42854E+01, 9.85448E-01
 6.45354E+01, 9.68196E-04
 6.47854E+01, 1.13801E+00
 6.50354E+01, 3.10595E+00
 6.52854E+01, 1.02751E+00
 6.55354E+01,-1.17450E-02
 6.57854E+01, 2.06744E+00
 6.60354E+01,-1.21715E-02
 6.62854E+01,-1.22859E-02
 6.65354E+01, 9.98707E-01
 6.67854E+01, 1.86287E-02
 6.70354E+01, 2.00679E+00
 6.72854E+01, 4.20172E-02
 6.75354E+01, 9.47132E-01
 6.77854E+01, 3.20060E-02
 6.80354E+01, 1.13432E+00
 6.82854E+01, 2.07684E+00
 6.85354E+01, 2.13019E+00
 6.87854E+01, 3.10130E+00
 6.90354E+01, 2.02882E+00
 6.92854E+01, 1.03647E+00
 6.95354E+01, 9.85376E-01
 6.97854E+01, 2.42032E-02
 7.00354E+01, 1.03723E+00
 7.02854E+01,-1.59078E-02
 7.05354E+01,-1.50465E-02
 7.07854E+01, 1.03338E+00
 7.10354E+01, 1.03171E+00
 7.12854E+01,-1.32400E-02
 7.15354E+01,-1.31982E-02
 7.17854E+01, 2.00354E+00
 7.20354E+01, 1.08175E+00
 7.22854E+01, 1.93581E+00
 7.25354E+01,-1.40321E-02
 7.27854E+01,-1.39383E-02
 7.30354E+01, 8.88599E-02
 7.32854E+01, 9.68935E-01
 7.35354E+01,-1.43531E-02
 7.37854E+01,-1.42721E-02
 7.40354E+01,-1.42925E-02
 7.42854E+01,-1.48200E-02
 7.45354E+01,-1.57102E-02
 7.47854E+01, 3.59674E-02
 7.50354E+01, 1.00721E+00
 7.52854E+01,-1.57363E-02
 7.55354E+01,-1.59742E-02
 7.57854E+01,-1.46671E-02
 7.60354E+01,-1.39383E-02
 7.62854E+01,-1.37198E-02
 7.65354E+01, 9.82438E-01
 7.67854E+01, 2.05898E+00
 7.70354E+01, 1.08585E+00
 7.72854E+01, 1.02445E+00
 7.75354E+01, 1.03511E+00
 7.77854E+01, 1.03538E+00
 7.80354E+01, 1.01674E+00
 7.82854E+01, 1.13916E+00
 7.85354E+01, 2.02181E+00
 7.87854E+01, 1.01627E+00
 7.90354E+01, 1.04833E+00
 7.92854E+01, 9.97086E-01
 7.95354E+01,-1.65177E-02
 7.97854E+01,-1.65244E-02
 8.00354E+01,-1.68355E-02
 8.02854E+01,-1.74040E-02
 8.05354E+01,-1.69297E-02
 8.07854E+01, 1.03946E+00
 8.10354E+01, 1.03858E+00

-7.75424E+01, 9.82960E-01
-7.72924E+01, 7.19777E-03
-7.70424E+01, 7.17867E-03
-7.67924E+01, 6.78664E-03
-7.65424E+01, 6.69596E-03
-7.62924E+01, 6.62670E-03
-7.60424E+01, 7.00074E-03
-7.57924E+01, 9.43957E-01
-7.55424E+01, 1.00378E+00
-7.52924E+01, 1.57260E-01
-7.50424E+01, 1.93593E+00
-7.47924E+01, 8.87375E-01
-7.45424E+01, 7.55060E-03
-7.42924E+01, 7.38307E-03
-7.40424E+01, 7.51182E-03
-7.37924E+01, 7.48183E-03
-7.35424E+01, 5.59145E-02
-7.32924E+01, 9.44309E-01
-7.30424E+01, 4.48542E-02
-7.27924E+01, 9.85642E-01
-7.25424E+01, 6.34074E-03
-7.22924E+01, 9.84824E-01
-7.20424E+01, 7.50298E-03
-7.17924E+01, 7.14525E-03
-7.15424E+01, 6.98904E-03
-7.12924E+01, 9.36398E-01
-7.10424E+01, 1.94227E+00
-7.07924E+01, 1.04176E+00
-7.05424E+01, 3.63707E-02
-7.02924E+01, 7.24710E-03
-7.00424E+01, 6.99769E-03
-6.97924E+01, 1.03251E-01
-6.95424E+01, 9.23791E-01
-6.92924E+01, 7.20181E-03
-6.90424E+01, 7.25770E-03
-6.87924E+01, 7.42987E-03
-6.85424E+01, 7.43741E-03
-6.82924E+01, 5.50122E-02
-6.80424E+01, 9.45282E-01
-6.77924E+01, 7.30276E-03
-6.75424E+01, 9.83083E-01
-6.72924E+01, 7.65535E-03
-6.70424E+01, 9.81694E-01
-6.67924E+01, 7.82657E-03
-6.65424E+01, 7.33138E-03
-6.62924E+01, 7.03289E-03
-6.60424E+01, 7.00446E-03
-6.57924E+01, 7.03000E-03
-6.55424E+01, 6.97943E-03
-6.52924E+01, 6.60498E-03
-6.50424E+01, 6.56513E-03
-6.47924E+01, 6.58716E-03
-6.45424E+01, 6.84980E-03
-6.42924E+01, 6.93201E-03
-6.40424E+01, 5.57639E-02
-6.37924E+01, 9.53209E-01
-6.35424E+01, 7.16817E-03
-6.32924E+01, 7.26362E-03
-6.30424E+01, 7.44299E-03
-6.27924E+01, 7.83138E-03
-6.25424E+01, 7.94061E-03
-6.22924E+01, 7.82657E-03
-6.20424E+01, 7.67914E-03
-6.17924E+01, 7.45533E-03
-6.15424E+01, 9.82226E-01
-6.12924E+01, 9.82571E-01
-6.10424E+01, 2.59597E-02
-6.07924E+01, 1.89124E+00
-6.05424E+01, 1.04317E-01
-6.02924E+01, 7.37563E-03
-6.00424E+01, 7.38066E-03
-5.97924E+01, 7.07359E-03
-5.95424E+01, 1.02990E-01
-5.92924E+01, 9.23232E-01
-5.90424E+01, 7.51250E-03
-5.87924E+01, 7.62272E-03
-5.85424E+01, 7.45335E-03
-5.82924E+01, 7.29799E-03
-5.80424E+01, 5.55637E-02
-5.77924E+01, 9.53209E-01
-5.75424E+01, 7.47750E-03
-5.72924E+01, 7.67438E-03
-5.70424E+01, 7.36476E-03
-5.67924E+01, 7.53632E-03
-5.65424E+01, 7.72672E-03
-5.62924E+01, 1.95597E+00
-5.60424E+01, 9.21313E-02
-5.57924E+01, 9.17389E-01
-5.55424E+01, 1.93875E+00
-5.52924E+01, 1.04081E+00
-5.50424E+01, 3.64241E-02
-5.47924E+01, 7.36386E-03
-5.45424E+01, 7.36088E-03
-5.42924E+01, 7.39457E-03
-5.40424E+01, 7.46075E-03
-5.37924E+01, 7.47808E-03
-5.35424E+01, 7.57058E-03
-5.32924E+01, 7.60335E-03
-5.30424E+01, 7.71842E-03
-5.27924E+01, 7.70600E-03
-5.25424E+01, 7.65738E-03
-5.22924E+01, 7.62679E-03
-5.20424E+01, 7.72672E-03
-5.17924E+01, 7.59347E-03
-5.15424E+01, 7.60775E-03
-5.12924E+01, 7.99285E-03
-5.10424E+01, 8.29166E-03
-5.07924E+01, 2.83286E+00
-5.05424E+01, 1.07656E+00
-5.02924E+01, 1.90937E+00
-5.00424E+01, 1.02198E+00
-4.97924E+01, 1.93424E+00
-4.95424E+01, 5.87112E-02
-4.92924E+01, 9.04954E-01
-4.90424E+01, 8.40553E-02
-4.87924E+01, 8.89642E-01
-4.85424E+01, 8.62035E-02
-4.82924E+01, 1.94999E+00
-4.80424E+01, 9.16970E-01
-4.77924E+01, 8.49703E-02
-4.75424E+01, 1.93970E+00
-4.72924E+01, 9.74869E-01
-4.70424E+01, 9.84645E-01
-4.67924E+01, 9.84556E-01
-4.65424E+01, 6.81057E-03
-4.62924E+01, 1.96127E+00
-4.60424E+01, 1.96723E+00
-4.57924E+01, 1.97501E+00
-4.55424E+01, 1.01505E+00
-4.52924E+01, 1.92970E+00
-4.50424E+01, 6.64213E-02
-4.47924E+01, 2.83701E+00
-4.45424E+01, 1.88382E-02
-4.42924E+01, 9.83979E-01
-4.40424E+01, 1.06179E+00
-4.37924E+01, 1.99504E+00
-4.35424E+01, 1.88463E+00
-4.32924E+01, 9.84465E-01
-4.30424E+01, 9.35390E-01
-4.27924E+01, 8.36356E-03
-4.25424E+01, 1.11857E+00
-4.22924E+01, 3.90410E+00
-4.20424E+01, 2.93565E+00
-4.17924E+01, 2.93776E+00
-4.15424E+01, 9.84914E-01
-4.12924E+01, 2.94306E+00
-4.10424E+01, 3.91925E+00
-4.07924E+01, 1.96176E+00
-4.05424E+01, 9.92181E-01
-4.02924E+01, 1.92077E+00
-4.00424E+01, 1.01248E+00
-3.97924E+01, 2.85612E+00
-3.95424E+01, 2.03945E+00
-3.92924E+01, 2.12816E-01
-3.90424E+01, 2.89905E+00
-3.87924E+01, 2.05735E+00
-3.85424E+01, 2.73639E+00
-3.82924E+01, 1.17103E+00
-3.80424E+01, 4.68112E+00
-3.77924E+01, 2.22616E-01
-3.75424E+01, 5.77704E+00
-3.72924E+01, 3.11344E+00
-3.70424E+01, 6.70319E+00
-3.67924E+01, 1.96266E+00
-3.65424E+01, 1.96252E+00
-3.62924E+01, 9.84466E-01
-3.60424E+01, 2.94134E+00
-3.57924E+01, 9.84500E-01
-3.55424E+01, 2.93892E+00
-3.52924E+01, 1.03984E+00
-3.50424E+01, 4.75617E+00
-3.47924E+01, 1.18842E+00
-3.45424E+01, 4.54137E-02
-3.42924E+01, 2.83000E+00
-3.40424E+01, 1.84605E+00
-3.37924E+01, 1.04536E+00
-3.35424E+01, 1.98259E+00
-3.32924E+01, 1.96542E+00
-3.30424E+01, 1.98568E+00
-3.27924E+01, 1.85113E+00
-3.25424E+01, 1.62433E-01
-3.22924E+01, 3.86944E+00
-3.20424E+01, 1.98424E+00
-3.17924E+01, 2.97204E+00
-3.15424E+01, 2.94692E+00
-3.12924E+01, 9.85698E-01
-3.10424E+01, 1.96592E+00
-3.07924E+01, 2.94367E+00
-3.05424E+01, 3.92530E+00
-3.02924E+01, 1.11837E+00
-3.00424E+01, 4.49811E-02
-2.97924E+01, 2.78850E+00
-2.95424E+01, 5.82534E+00
-2.92924E+01, 2.16706E+00
-2.90424E+01, 2.48456E-01
-2.87924E+01, 2.70970E+00
-2.85424E+01, 1.50984E-01
-2.82924E+01, 3.17689E+00
-2.80424E+01, 4.93064E+00
-2.77924E+01, 3.78329E+00
-2.75424E+01, 1.05576E+00
-2.72924E+01, 2.86849E+00
-2.70424E+01, 1.05451E+00
-2.67924E+01, 2.93239E+00
-2.65424E+01, 1.96999E+00
-2.62924E+01, 1.97126E+00
-2.60424E+01, 2.94856E+00
-2.57924E+01, 1.96682E+00
-2.55424E+01, 2.94501E+00
-2.52924E+01, 4.90300E+00
-2.50424E+01, 3.04882E+00
-2.47924E+01, 1.93995E+00
-2.45424E+01, 6.66137E+00
-2.42924E+01, 5.97114E+00
-2.40424E+01, 4.93611E+00
-2.37924E+01, 3.74988E+00
-2.35424E+01, 3.29349E+00
-2.32924E+01, 6.63538E+00
-2.30424E+01, 4.26692E+00
-2.27924E+01, 7.65110E+00
-2.25424E+01, 3.10397E+00
-2.22924E+01, 6.69476E+00
-2.20424E+01, 2.00935E+00
-2.17924E+01, 3.88199E+00
-2.15424E+01, 3.16242E+00
-2.12924E+01, 6.89061E+00
-2.10424E+01, 5.42554E-03
-2.07924E+01, 2.95365E+00
-2.05424E+01, 9.87871E-01
-2.02924E+01, 5.90234E+00
-2.00424E+01, 1.97186E+00
-1.97924E+01, 6.69267E+00
-1.95424E+01, 3.13564E+00
-1.92924E+01, 4.80159E+00
-1.90424E+01, 4.93809E+00
-1.87924E+01, 4.85563E+00
-1.85424E+01, 3.79990E+00
-1.82924E+01, 3.16173E+00
-1.80424E+01, 4.57080E+00
-1.77924E+01, 1.23366E+00
-1.75424E+01, 4.92852E+00
-1.72924E+01, 3.85560E+00
-1.70424E+01, 1.91148E+00
-1.67924E+01, 9.24820E-01
-1.65424E+01, 1.26169E+00
-1.62924E+01, 6.87948E+00
-1.60424E+01, 1.97071E+00
-1.57924E+01, 3.94085E+00
-1.55424E+01, 9.89047E-01
-1.52924E+01, 4.92547E+00
-1.50424E+01, 4.92304E+00
-1.47924E+01, 1.11992E+00
-1.45424E+01, 2.85764E+00
-1.42924E+01, 1.04736E+00
-1.40424E+01, 4.76124E+00
-1.37924E+01, 3.02375E+00
-1.35424E+01, 6.73983E+00
-1.32924E+01, 3.93768E+00
-1.30424E+01, 3.61922E+00
-1.27924E+01, 1.33127E+00
-1.25424E+01, 5.90415E+00
-1.22924E+01, 5.05927E+00
-1.20424E+01, 6.61766E+00
-1.17924E+01, 1.24596E+00
-1.15424E+01, 7.81220E+00
-1.12924E+01, 3.80482E+00
-1.10424E+01, 1.97635E+00
-1.07924E+01, 4.93103E+00
-1.05424E+01, 3.94642E+00
-1.02924E+01, 3.94492E+00
-1.00424E+01, 4.93248E+00
-9.79245E+00, 1.97445E+00
-9.54245E+00, 6.72066E+00
-9.29245E+00, 3.16087E+00
-9.04245E+00, 2.93315E+00
-8.79245E+00, 2.01852E+00
-8.54245E+00, 2.20158E+00
-8.29245E+00, 5.10947E+00
-8.04245E+00, 5.93284E+00
-7.79245E+00, 4.61520E+00
-7.54245E+00, 2.26224E+00
-7.29245E+00, 5.88986E+00
-7.04245E+00, 3.86305E+00
-6.79245E+00, 3.09335E+00
-6.54245E+00, 5.88419E+00
-6.29245E+00, 3.89341E+00
-6.04245E+00, 2.96471E+00
-5.79245E+00, 2.96520E+00
-5.54245E+00, 1.97701E+00
-5.29245E+00, 4.93591E+00
-5.04245E+00, 5.92543E+00
-4.79245E+00, 9.91606E-01
-4.54245E+00, 9.92497E-01
-4.29245E+00, 3.82084E+00
-4.04245E+00, 6.87100E+00
-3.79245E+00, 5.04807E+00
-3.54245E+00, 6.89985E+00
-3.29245E+00, 2.04734E+00
-3.04245E+00, 3.79012E+00
-2.79245E+00, 3.49977E+00
-2.54245E+00, 1.00364E+01
-2.29245E+00, 9.66402E+00
-2.04245E+00, 7.90566E+00
-1.79245E+00, 1.12951E+01
-1.54245E+00, 2.18167E+01
-1.29245E+00, 2.56684E+01
-1.04245E+00, 5.05077E+01
-7.92446E-01, 1.53334E+02
-5.42446E-01, 2.83490E+02
-2.92446E-01, 4.51125E+02
-4.24461E-02, 5.93328E+02
 2.07554E-01, 4.99682E+02
 4.57554E-01, 3.42034E+02
 7.07554E-01, 1.60924E+02
 9.57554E-01, 8.85730E+01
 1.20755E+00, 3.81659E+01
 1.45755E+00, 1.91846E+01
 1.70755E+00, 4.34755E+00
 1.95755E+00, 6.74157E+00
 2.20755E+00, 4.03116E+00
 2.45755E+00, 6.16268E+00
 2.70755E+00, 7.81006E+00
 2.95755E+00, 5.87813E+00
 3.20755E+00, 4.92875E+00
 3.45755E+00, 5.04652E+00
 3.70755E+00, 6.95865E+00
 3.95755E+00, 5.76556E+00
 4.20755E+00, 1.95177E+00
 4.45755E+00, 2.97407E+00
 4.70755E+00, 5.95170E+00
 4.95755E+00, 9.95255E-01
 5.20755E+00, 4.96814E+00
 5.45755E+00, 3.97675E+00
 5.70755E+00, 3.97486E+00
 5.95755E+00, 2.03481E+00
 6.20755E+00, 4.86626E+00
 6.45755E+00, 1.13461E+00
 6.70755E+00, 5.73421E+00
 6.95755E+00, 4.95854E+00
 7.20755E+00, 4.90021E+00
 7.45755E+00, 3.85927E+00
 7.70755E+00, 3.00757E+00
 7.95755E+00, 4.16462E+00
 8.20755E+00, 5.94341E+00
 8.45755E+00, 4.90742E+00
 8.70755E+00, 4.02342E+00
 8.95755E+00, 4.85888E+00
 9.20755E+00, 3.14113E+00
 9.45755E+00, 6.92472E+00
 9.70755E+00, 4.98735E+00
 9.95755E+00, 5.98731E+00
 1.02076E+01, 1.99494E+00
 1.04576E+01, 4.98516E+00
 1.07076E+01, 1.99514E+00
 1.09576E+01, 1.90815E+00
 1.12076E+01, 7.76969E+00
 1.14576E+01, 5.17323E+00
 1.17076E+01, 3.96979E+00
 1.19576E+01, 6.85159E+00
 1.22076E+01, 6.82661E+00
 1.24576E+01, 4.91704E+00
 1.27076E+01, 5.09698E+00
 1.29576E+01, 7.32377E+00
 1.32076E+01, 9.88297E+00
 1.34576E+01, 5.77014E+00
 1.37076E+01, 2.00047E+00
 1.39576E+01, 4.13432E+00
 1.42076E+01, 8.24846E+00
 1.44576E+01, 1.16992E+01
 1.47076E+01, 4.99705E+00
 1.49576E+01, 9.99910E+00
 1.52076E+01, 4.00287E+00
 1.54576E+01, 9.00035E+00
 1.57076E+01, 9.00705E+00
 1.59576E+01, 8.00894E+00
 1.62076E+01, 2.17455E+00
 1.64576E+01, 6.72002E+00
 1.67076E+01, 1.09345E+01
 1.69576E+01, 9.18116E+00
 1.72076E+01, 6.39546E+00
 1.74576E+01, 9.51112E+00
 1.77076E+01, 2.95515E+00
 1.79576E+01, 3.92004E+00
 1.82076E+01, 4.53955E+00
 1.84576E+01, 9.96434E+00
 1.87076E+01, 7.01538E+00
 1.89576E+01, 8.08036E+00
 1.92076E+01, 1.01131E+01
 1.94576E+01, 1.08319E+01
 1.97076E+01, 5.96292E+00
 1.99576E+01, 6.01388E+00
 2.02076E+01, 6.01493E+00
 2.04576E+01, 7.01519E+00
 2.07076E+01, 1.00228E+01
 2.09576E+01, 1.00170E+01
 2.12076E+01, 1.30314E+01
 2.14576E+01, 7.26864E+00
 2.17076E+01, 7.97871E+00
 2.19576E+01, 3.15226E+00
 2.22076E+01, 9.76390E+00
 2.24576E+01, 6.20674E+00
 2.27076E+01, 8.77016E+00
 2.29576E+01, 7.86779E+00
 2.32076E+01, 1.56026E+01
 2.34576E+01, 7.97653E+00
 2.37076E+01, 9.04987E+00
 2.39576E+01, 9.01631E+00
 2.42076E+01, 9.12932E+00
 2.44576E+01, 1.08684E+01
 2.47076E+01, 8.25732E+00
 2.49576E+01, 1.40074E+01
 2.52076E+01, 1.10507E+01
 2.54576E+01, 9.03831E+00
 2.57076E+01, 1.00447E+01
 2.59576E+01, 1.40571E+01
 2.62076E+01, 8.05916E+00
 2.64576E+01, 8.00308E+00
 2.67076E+01, 8.05947E+00
 2.69576E+01, 1.00093E+01
 2.72076E+01, 9.18947E+00
 2.74576E+01, 4.84193E+00
 2.77076E+01, 1.50642E+01
 2.79576E+01, 1.21496E+01
 2.82076E+01, 1.13989E+01
 2.84576E+01, 5.41011E+00
 2.87076E+01, 1.23009E+01
 2.89576E+01, 1.39446E+01
 2.92076E+01, 8.96924E+00
 2.94576E+01, 8.04226E+00
 2.97076E+01, 8.06876E+00
 2.99576E+01, 8.02044E+00
 3.02076E+01, 7.06058E+00
 3.04576E+01, 8.07736E+00
 3.07076E+01, 8.08117E+00
 3.09576E+01, 8.09156E+00
 3.12076E+01, 3.03067E+00
 3.14576E+01, 1.01168E+01
 3.17076E+01, 6.28039E+00
 3.19576E+01, 7.03387E+00
 3.22076E+01, 4.14563E+00
 3.24576E+01, 6.93735E+00
 3.27076E+01, 5.82677E+00
 3.29576E+01, 4.20228E+00
 3.32076E+01, 7.46304E+00
 3.34576E+01, 9.96395E+00
 3.37076E+01, 6.99852E+00
 3.39576E+01, 7.15751E+00
 3.42076E+01, 9.20257E+00
 3.44576E+01, 1.01020E+01
 3.47076E+01, 7.89291E+00
 3.49576E+01, 2.86014E+00
 3.52076E+01, 2.39984E+00
 3.54576E+01, 1.11194E+01
 3.57076E+01, 7.08001E+00
 3.59576E+01, 1.01250E+01
 3.62076E+01, 4.04672E+00
 3.64576E+01, 7.08380E+00
 3.67076E+01, 6.07051E+00
 3.69576E+01, 3.14060E+00
 3.72076E+01, 2.98954E+00
 3.74576E+01, 5.00472E+00
 3.77076E+01, 4.08104E+00
 3.79576E+01, 5.33353E+00
 3.82076E+01, 6.80011E+00
 3.84576E+01, 3.08829E+00
 3.87076E+01, 3.83018E+00
 3.89576E+01, 2.38258E+00
 3.92076E+01, 7.21261E+00
 3.94576E+01, 6.90877E+00
 3.97076E+01, 1.97034E+00
 3.99576E+01, 3.28647E+00
 4.02076E+01, 7.96666E+00
 4.04576E+01, 4.05243E+00
 4.07076E+01, 7.09713E+00
 4.09576E+01, 2.02286E+00
 4.12076E+01, 6.07510E+00
 4.14576E+01, 7.10013E+00
 4.17076E+01, 5.07356E+00
 4.19576E+01, 6.02149E+00
 4.22076E+01, 7.09051E+00
 4.24576E+01, 5.14370E+00
 4.27076E+01, 8.02474E+00
 4.29576E+01, 5.90179E+00
 4.32076E+01, 4.03388E+00
 4.34576E+01, 4.11308E+00
 4.37076E+01, 3.86058E+00
 4.39576E+01, 2.19153E+00
 4.42076E+01, 5.18994E+00
 4.44576E+01, 7.22005E+00
 4.47076E+01, 8.05600E+00
 4.49576E+01, 4.97894E+00
 4.52076E+01, 3.02177E+00
 4.54576E+01, 3.13062E+00
 4.57076E+01, 4.07327E+00
 4.59576E+01,-6.22785E-03
 4.62076E+01, 8.16508E+00
 4.64576E+01, 6.12906E+00
 4.67076E+01, 4.08798E+00
 4.69576E+01, 7.15921E+00
 4.72076E+01, 4.22457E+00
 4.74576E+01, 5.02137E+00
 4.77076E+01, 7.12100E+00
 4.79576E+01, 3.21093E+00
 4.82076E+01, 5.97251E+00
 4.84576E+01, 3.01538E+00
 4.87076E+01, 2.99304E+00
 4.89576E+01, 3.52160E+00
 4.92076E+01, 6.65183E+00
 4.94576E+01, 5.04032E-02
 4.97076E+01, 3.10612E+00
 4.99576E+01, 3.10461E+00
 5.02076E+01, 2.94799E+00
 5.04576E+01, 2.13555E-03
 5.07076E+01, 1.01970E+00
 5.09576E+01, 1.01737E+00
 5.12076E+01, 2.04326E+00
 5.14576E+01, 1.01876E+00
 5.17076E+01, 2.05076E+00
 5.19576E+01,-8.21975E-03
 5.22076E+01,-8.35206E-03
 5.24576E+01,-7.93608E-03
 5.27076E+01, 4.96188E+00
 5.29576E+01, 1.23043E+00
 5.32076E+01, 1.03890E+00
 5.34576E+01, 9.38855E-01
 5.37076E+01,-9.27072E-03
 5.39576E+01, 9.21186E-02
 5.42076E+01, 9.58052E-01
 5.44576E+01,-9.15690E-03
 5.47076E+01, 4.18560E-02
 5.49576E+01, 9.90948E-01
 5.52076E+01,-9.67627E-03
 5.54576E+01,-9.15786E-03
 5.57076E+01, 1.05306E-02
 5.59576E+01, 1.01980E+00
 5.62076E+01, 3.07607E+00
 5.64576E+01,-8.69658E-03
 5.67076E+01, 2.05217E+00
 5.69576E+01, 1.02197E+00
 5.72076E+01, 2.05145E+00
 5.74576E+01, 8.08146E-02
 5.77076E+01,-8.33787E-03
 5.79576E+01, 1.98729E+00
 5.82076E+01, 7.95173E-02
 5.84576E+01, 9.65381E-01
 5.87076E+01,-1.05951E-02
 5.89576E+01, 9.10502E-02
 5.92076E+01, 9.43246E-01
 5.94576E+01, 6.94715E-02
 5.97076E+01, 9.93399E-01
 5.99576E+01,-1.09115E-02
 6.02076E+01, 3.03295E-02
 6.04576E+01, 1.04464E+00
 6.07076E+01, 9.83883E-01
 6.09576E+01,-1.10687E-02
 6.12076E+01,-1.03450E-02
 6.14576E+01,-1.00021E-02
 6.17076E+01, 1.02219E+00
 6.19576E+01, 1.02475E+00
 6.22076E+01, 4.13674E+00
 6.24576E+01,-1.11893E-02
 6.27076E+01,-1.05684E-02
 6.29576E+01, 9.83360E-01
 6.32076E+01, 1.03577E+00
 6.34576E+01, 8.68310E-01
 6.37076E+01, 3.58565E-01
 6.39576E+01, 3.94472E+00
 6.42076E+01, 1.09000E+00
 6.44576E+01, 1.86423E+00
 6.47076E+01, 2.28406E-01
 6.49576E+01, 3.06020E+00
 6.52076E+01, 9.65261E-01
 6.54576E+01,-1.18949E-02
 6.57076E+01,-1.19703E-02
 6.59576E+01, 1.99906E-02
 6.62076E+01, 1.08937E+00
 6.64576E+01, 2.06972E+00
 6.67076E+01, 1.02971E+00
 6.69576E+01, 1.03096E+00
 6.72076E+01,-1.37061E-02
 6.74576E+01,-1.41396E-02
 6.77076E+01, 2.01717E+00
 6.79576E+01, 6.84241E-02
 6.82076E+01, 1.99505E+00
 6.84576E+01, 8.83939E-02
 6.87076E+01, 8.76990E-02
 6.89576E+01, 9.48280E-01
 6.92076E+01, 6.96209E-02
 6.94576E+01, 9.70264E-01
 6.97076E+01,-1.50813E-02
 6.99576E+01, 1.76064E-02
 7.02076E+01, 1.10729E+00
 7.04576E+01, 2.00279E+00
 7.07076E+01, 1.61427E-02
 7.09576E+01, 9.76336E-01
 7.12076E+01, 1.26463E-01
 7.14576E+01, 3.13559E+00
 7.17076E+01,-1.53476E-02
 7.19576E+01, 1.03616E+00
 7.22076E+01, 2.08691E+00
 7.24576E+01,-1.54307E-02
 7.27076E+01, 1.03488E+00
 7.29576E+01, 1.04457E+00
 7.32076E+01, 1.04181E+00
 7.34576E+01, 2.69909E-02
 7.37076E+01, 8.74024E-02
 7.39576E+01, 9.70370E-01
 7.42076E+01,-1.51438E-02
 7.44576E+01, 6.90494E-02
 7.47076E+01, 1.07354E+00
 7.49576E+01, 9.55211E-01
 7.52076E+01,-1.60358E-02
 7.54576E+01,-1.64588E-02
 7.57076E+01, 8.78185E-02
 7.59576E+01, 2.02185E+00
 7.62076E+01, 1.44201E-02
 7.64576E+01, 1.00807E+00
 7.67076E+01,-1.67492E-02
 7.69576E+01,-1.69281E-02
 7.72076E+01, 3.14658E+00
 7.74576E+01,-1.55915E-02
 7.77076E+01,-1.55249E-02
 7.79576E+01, 1.00777E+00
 7.82076E+01, 3.46497E-02
 7.84576E+01,-1.73511E-02
 7.87076E+01,-1.70855E-02
 7.89576E+01, 6.59645E-02
 7.92076E+01, 1.07877E+00
 7.94576E+01, 9.55693E-01
 7.97076E+01,-1.70179E-02
 7.99576E+01,-1.69619E-02
 8.02076E+01,-1.70555E-02
 8.04576E+01,-1.73832E-02
 8.07076E+01, 1.46809E-02
 8.09576E+01, 1.11570E+00
 8.12076E+01, 2.02882E+00
 8.14576E+01,-1.79823E-02
 8.17076E+01,-1.75389E-02
 8.19576E+01,-1.79437E-02
 8.22076E+01,-1.83777E-02
 8.24576E+01, 1.04371E+00

-7.60901E+01, 6.68076E-03
-7.58401E+01, 6.27949E-03
-7.55901E+01, 6.21654E-03
-7.53401E+01, 6.24075E-03
-7.50901E+01, 6.49790E-03
-7.48401E+01, 6.40860E-03
-7.45901E+01, 6.25123E-03
-7.43401E+01, 6.19789E-03
-7.40901E+01, 6.16687E-03
-7.38401E+01, 1.01426E-01
-7.35901E+01, 9.24270E-01
-7.33401E+01, 6.96302E-03
-7.30901E+01, 7.15568E-03
-7.28401E+01, 7.02566E-03
-7.25901E+01, 1.04396E-01
-7.23401E+01, 1.91282E+00
-7.20901E+01, 3.00042E-03
-7.18401E+01, 1.34971E-03
-7.15901E+01, 1.31266E-03
-7.13401E+01, 3.27529E-04
-7.10901E+01, 9.98590E-01
-7.08401E+01, 9.71196E-04
-7.05901E+01, 4.01582E-03
-7.03401E+01, 5.70224E-03
-7.00901E+01, 7.12048E-03
-6.98401E+01, 9.54897E-01
-6.95901E+01, 5.49323E-02
-6.93401E+01, 6.16460E-03
-6.90901E+01, 6.51592E-03
-6.88401E+01, 9.29229E-01
-6.85901E+01, 6.95317E-03
-6.83401E+01, 1.02951E-01
-6.80901E+01, 9.25321E-01
-6.78401E+01, 6.09241E-03
-6.75901E+01, 6.30503E-03
-6.73401E+01, 5.51691E-02
-6.70901E+01, 9.54371E-01
-6.68401E+01, 6.61122E-03
-6.65901E+01, 5.36618E-02
-6.63401E+01, 9.84705E-01
-6.60901E+01, 6.58900E-03
-6.58401E+01, 6.87376E-03
-6.55901E+01, 6.81589E-03
-6.53401E+01, 7.24456E-03
-6.50901E+01, 7.15315E-03
-6.48401E+01, 9.46164E-01
-6.45901E+01, 1.00192E+00
-6.43401E+01, 4.61286E-02
-6.40901E+01, 7.38050E-03
-6.38401E+01, 7.31412E-03
-6.35901E+01, 1.96984E-01
-6.33401E+01, 1.83842E+00
-6.30901E+01, 7.29880E-03
-6.28401E+01, 7.35847E-03
-6.25901E+01, 7.17309E-03
-6.23401E+01, 7.04665E-03
-6.20901E+01, 5.52508E-02
-6.18401E+01, 9.44617E-01
-6.15901E+01, 4.52601E-02
-6.13401E+01, 9.55138E-01
-6.10901E+01, 7.09539E-03
-6.08401E+01, 7.12909E-03
-6.05901E+01, 9.83680E-01
-6.03401E+01, 7.16759E-03
-6.00901E+01, 7.19165E-03
-5.98401E+01, 7.22051E-03
-5.95901E+01, 9.36008E-01
-5.93401E+01, 1.94642E+00
-5.90901E+01, 9.49601E-02
-5.88401E+01, 7.45257E-03
-5.85901E+01, 7.41315E-03
-5.83401E+01, 7.38070E-03
-5.80901E+01, 1.03491E-01
-5.78401E+01, 9.06143E-01
-5.75901E+01, 6.38338E-02
-5.73401E+01, 1.00157E+00
-5.70901E+01, 9.43984E-01
-5.68401E+01, 7.18606E-03
-5.65901E+01, 5.54037E-02
-5.63401E+01, 9.45743E-01
-5.60901E+01, 4.43895E-02
-5.58401E+01, 9.84423E-01
-5.55901E+01, 6.49718E-03
-5.53401E+01, 1.96143E+00
-5.50901E+01, 1.95993E+00
-5.48401E+01, 7.20127E-03
-5.45901E+01, 9.36456E-01
-5.43401E+01, 5.46959E-02
-5.40901E+01, 6.97980E-03
-5.38401E+01, 9.53728E-01
-5.35901E+01, 5.47255E-02
-5.33401E+01, 6.79080E-03
-5.30901E+01, 8.49463E-02
-5.28401E+01, 1.01940E+00
-5.25901E+01, 8.72228E-01
-5.23401E+01, 9.52158E-02
-5.20901E+01, 1.90338E+00
-5.18401E+01, 6.53642E-03
-5.15901E+01, 6.80327E-03
-5.13401E+01, 7.25495E-03
-5.10901E+01, 9.19032E-02
-5.08401E+01, 1.95917E+00
-5.05901E+01, 9.84366E-01
-5.03401E+01, 6.51169E-03
-5.00901E+01, 9.85834E-01
-4.98401E+01, 5.94506E-03
-4.95901E+01, 9.86366E-01
-4.93401E+01, 4.33599E-02
-4.90901E+01, 9.47968E-01
-4.88401E+01, 5.45717E-02
-4.85901E+01, 6.07969E-03
-4.83401E+01, 6.20392E-03
-4.80901E+01, 1.01308E-01
-4.78401E+01, 9.06517E-01
-4.75901E+01, 8.34384E-02
-4.73401E+01, 9.27761E-01
-4.70901E+01, 6.32770E-03
-4.68401E+01, 4.54788E-02
-4.65901E+01, 9.94453E-01
-4.63401E+01, 9.75086E-01
-4.60901E+01, 1.03184E+00
-4.58401E+01, 1.94308E+00
-4.55901E+01, 9.84434E-01
-4.53401E+01, 6.48268E-03
-4.50901E+01, 6.82071E-03
-4.48401E+01, 7.24456E-03
-4.45901E+01, 7.48964E-03
-4.43401E+01, 7.24011E-03
-4.40901E+01, 1.90298E+00
-4.38401E+01, 1.03462E-01
-4.35901E+01, 6.45444E-03
-4.33401E+01, 6.52792E-03
-4.30901E+01, 9.29220E-01
-4.28401E+01, 6.54938E-03
-4.25901E+01, 3.55467E-01
-4.23401E+01, 3.85099E+00
-4.20901E+01, 1.86888E+00
-4.18401E+01, 9.27047E-01
-4.15901E+01, 2.68663E-02
-4.13401E+01, 1.04220E+00
-4.10901E+01, 1.92215E+00
-4.08401E+01, 1.03096E+00
-4.05901E+01, 1.96244E+00
-4.03401E+01, 6.40047E-03
-4.00901E+01, 6.36177E-03
-3.98401E+01, 6.53585E-03
-3.95901E+01, 2.94031E+00
-3.93401E+01, 6.76282E-03
-3.90901E+01, 6.79993E-03
-3.88401E+01, 6.56503E-03
-3.85901E+01, 9.25791E-01
-3.83401E+01, 2.88546E+00
-3.80901E+01, 1.07820E+00
-3.78401E+01, 9.83895E-01
-3.75901E+01, 9.84270E-01
-3.73401E+01, 1.00230E+00
-3.70901E+01, 8.91882E-01
-3.68401E+01, 2.71143E-02
-3.65901E+01, 1.05313E+00
-3.63401E+01, 1.89613E+00
-3.60901E+01, 5.83225E-03
-3.58401E+01, 5.80330E-03
-3.55901E+01, 1.47667E-01
-3.53401E+01, 2.94553E+00
-3.50901E+01, 5.87711E-03
-3.48401E+01, 2.94929E+00
-3.45901E+01, 9.86888E-01
-3.43401E+01, 9.86457E-01
-3.40901E+01, 3.92901E+00
-3.38401E+01, 1.11896E+00
-3.35901E+01, 1.90160E+00
-3.33401E+01, 1.96704E+00
-3.30901E+01, 2.90142E+00
-3.28401E+01, 3.88387E+00
-3.25901E+01, 5.61975E+00
-3.23401E+01, 1.95909E+00
-3.20901E+01, 3.06583E+00
-3.18401E+01, 3.89689E+00
-3.15901E+01, 2.88745E+00
-3.13401E+01, 2.06901E+00
-3.10901E+01, 3.80827E+00
-3.08401E+01, 1.08610E+00
-3.05901E+01, 3.93872E+00
-3.03401E+01, 2.84686E+00
-3.00901E+01, 9.87012E-01
-2.98401E+01, 2.95021E+00
-2.95901E+01, 1.96733E+00
-2.93401E+01, 1.96884E+00
-2.90901E+01, 1.96865E+00
-2.88401E+01, 4.80889E+00
-2.85901E+01, 4.00554E+00
-2.83401E+01, 2.98998E+00
-2.80901E+01, 1.98219E+00
-2.78401E+01, 3.87189E+00
-2.75901E+01, 2.00324E+00
-2.73401E+01, 2.97049E+00
-2.70901E+01, 2.95639E+00
-2.68401E+01, 2.88715E+00
-2.65901E+01, 3.32956E+00
-2.63401E+01, 6.75701E+00
-2.60901E+01, 2.90601E+00
-2.58401E+01, 3.01140E+00
-2.55901E+01, 3.84340E+00
-2.53401E+01, 2.04257E+00
-2.50901E+01, 3.92853E+00
-2.48401E+01, 1.96862E+00
-2.45901E+01, 1.96989E+00
-2.43401E+01, 3.93447E+00
-2.40901E+01, 5.13736E-03
-2.38401E+01, 1.96967E+00
-2.35901E+01, 2.93176E+00
-2.33401E+01, 2.95854E+00
-2.30901E+01, 2.96848E+00
-2.28401E+01, 1.05639E+00
-2.25901E+01, 1.91246E+00
-2.23401E+01, 1.97021E+00
-2.20901E+01, 1.97031E+00
-2.18401E+01, 1.95341E+00
-2.15901E+01, 2.06524E+00
-2.13401E+01, 2.91473E+00
-2.10901E+01, 1.99357E+00
-2.08401E+01, 2.96829E+00
-2.05901E+01, 4.14655E+00
-2.03401E+01, 7.76794E+00
-2.00901E+01, 3.88592E+00
-1.98401E+01, 2.96041E+00
-1.95901E+01, 9.90057E-01
-1.93401E+01, 3.94696E+00
-1.90901E+01, 2.95662E+00
-1.88401E+01, 4.91890E+00
-1.85901E+01, 9.87455E-01
-1.83401E+01, 3.81468E+00
-1.80901E+01, 1.14212E+00
-1.78401E+01, 4.40897E-02
-1.75901E+01, 4.74545E+00
-1.73401E+01, 2.93060E+00
-1.70901E+01, 2.87937E+00
-1.68401E+01, 1.93875E+00
-1.65901E+01, 2.03808E+00
-1.63401E+01, 3.09344E+00
-1.60901E+01, 3.86844E+00
-1.58401E+01, 2.00669E+00
-1.55901E+01, 2.91521E+00
-1.53401E+01, 2.04523E+00
-1.50901E+01, 3.97595E+00
-1.48401E+01, 3.94563E+00
-1.45901E+01, 2.96001E+00
-1.43401E+01, 1.97496E+00
-1.40901E+01, 9.89645E-01
-1.38401E+01, 2.96019E+00
-1.35901E+01, 1.97371E+00
-1.33401E+01, 3.86119E+00
-1.30901E+01, 3.96701E+00
-1.28401E+01, 3.93128E+00
-1.25901E+01, 5.85685E+00
-1.23401E+01, 4.04793E+00
-1.20901E+01, 2.89208E+00
-1.18401E+01, 1.70549E+00
-1.15901E+01, 4.11701E-01
-1.13401E+01, 4.79191E+00
-1.10901E+01, 1.94682E+00
-1.08401E+01, 1.99238E+00
-1.05901E+01, 1.87759E+00
-1.03401E+01, 3.56495E-02
-1.00901E+01, 2.11486E+00
-9.84008E+00, 4.98498E+00
-9.59008E+00, 4.94233E+00
-9.34008E+00, 2.96762E+00
-9.09008E+00, 3.95861E+00
-8.84008E+00, 1.97869E+00
-8.59008E+00, 3.57763E-03
-8.34008E+00, 4.94349E+00
-8.09008E+00, 1.19243E+00
-7.84008E+00, 9.18167E-01
-7.59008E+00, 4.79251E+00
-7.34008E+00, 5.03207E+00
-7.09008E+00, 8.31598E-01
-6.84008E+00, 1.32641E+00
-6.59008E+00, 4.96097E+00
-6.34008E+00, 3.86049E+00
-6.09008E+00, 2.98934E+00
-5.84008E+00, 2.88972E+00
-5.59008E+00, 9.63921E-01
-5.34008E+00, 1.03171E+00
-5.09008E+00, 2.00946E+00
-4.84008E+00, 1.86638E+00
-4.59008E+00, 1.35879E-01
-4.34008E+00, 3.95728E+00
-4.09008E+00, 3.96117E+00
-3.84008E+00, 5.94094E+00
-3.59008E+00, 3.96667E+00
-3.34008E+00, 9.93857E-01
-3.09008E+00, 3.96937E+00
-2.84008E+00, 8.78354E+00
-2.59008E+00, 7.10130E+00
-2.34008E+00, 3.09548E+00
-2.09008E+00, 4.77226E+00
-1.84008E+00, 1.08521E+01
-1.59008E+00, 8.85677E+00
-1.34008E+00, 1.06651E+01
-1.09008E+00, 2.55526E+01
-8.40083E-01, 9.00438E+01
-5.90083E-01, 1.83450E+02
-3.40083E-01, 3.76497E+02
-9.00833E-02, 4.87259E+02
 1.59917E-01, 4.04673E+02
 4.09917E-01, 3.10681E+02
 6.59917E-01, 1.33958E+02
 9.09917E-01, 7.23367E+01
 1.15992E+00, 4.16568E+01
 1.40992E+00, 1.28946E+01
 1.65992E+00, 5.95658E+00
 1.90992E+00, 2.98127E+00
 2.15992E+00, 3.91736E+00
 2.40992E+00, 3.03002E+00
 2.65992E+00, 2.97424E+00
 2.90992E+00, 2.98440E+00
 3.15992E+00, 2.99766E+00
 3.40992E+00, 2.02851E+00
 3.65992E+00, 3.12020E+00
 3.90992E+00, 3.85816E+00
 4.15992E+00, 1.82189E+00
 4.40992E+00, 1.14570E+00
 4.65992E+00, 3.80047E+00
 4.90992E+00, 1.91206E-01
 5.15992E+00, 4.89257E+00
 5.40992E+00, 1.97528E+00
 5.65992E+00, 3.17277E+00
 5.90992E+00, 5.97678E+00
 6.15992E+00, 1.04143E-03
 6.40992E+00, 2.99149E+00
 6.65992E+00, 3.99211E+00
 6.90992E+00, 2.98860E+00
 7.15992E+00, 6.96377E+00
 7.40992E+00, 4.10744E+00
 7.65992E+00, 5.88910E+00
 7.90992E+00, 3.14055E+00
 8.15992E+00, 1.02259E+00
 8.40992E+00, 2.99405E+00
 8.65992E+00, 3.12574E+00
 8.90992E+00, 5.16305E+00
 9.15992E+00, 5.67248E+00
 9.40992E+00, 1.84376E+00
 9.65992E+00, 2.17303E+00
 9.90992E+00, 5.96189E+00
 1.01599E+01, 3.80393E+00
 1.04099E+01, 1.12729E+00
 1.06599E+01, 5.00560E+00
 1.09099E+01, 5.08668E+00
 1.11599E+01, 6.98673E+00
 1.14099E+01, 4.98518E+00
 1.16599E+01, 9.31048E-04
 1.19099E+01, 2.99257E+00
 1.21599E+01, 2.99311E+00
 1.24099E+01, 5.91141E+00
 1.26599E+01, 2.09846E+00
 1.29099E+01, 1.06556E+01
 1.31599E+01, 5.35631E+00
 1.34099E+01, 2.02785E+00
 1.36599E+01, 4.91718E+00
 1.39099E+01, 4.31524E+00
 1.41599E+01, 8.08046E+00
 1.44099E+01, 6.49143E+00
 1.46599E+01, 9.47689E-01
 1.49099E+01, 2.11068E+00
 1.51599E+01, 6.32308E+00
 1.54099E+01, 1.19001E+01
 1.56599E+01, 6.74322E+00
 1.59099E+01, 1.97034E+00
 1.61599E+01, 2.99964E+00
 1.64099E+01, 5.00199E+00
 1.66599E+01, 4.00200E+00
 1.69099E+01, 5.00500E+00
 1.71599E+01, 5.00873E+00
 1.74099E+01, 5.01151E+00
 1.76599E+01, 2.07236E+00
 1.79099E+01, 6.81415E+00
 1.81599E+01, 6.12174E+00
 1.84099E+01, 6.05116E+00
 1.86599E+01, 4.18523E+00
 1.89099E+01, 7.37345E+00
 1.91599E+01, 8.72136E+00
 1.94099E+01, 3.87364E+00
 1.96599E+01, 4.40813E+00
 1.99099E+01, 8.00271E+00
 2.01599E+01, 5.15099E+00
 2.04099E+01, 6.91258E+00
 2.06599E+01, 3.04275E+00
 2.09099E+01, 5.15011E+00
 2.11599E+01, 7.07679E+00
 2.14099E+01, 6.05602E+00
 2.16599E+01, 3.02598E+00
 2.19099E+01, 1.00612E+00
 2.21599E+01, 8.06129E+00
 2.24099E+01, 6.04566E+00
 2.26599E+01, 1.20963E+01
 2.29099E+01, 6.34620E+00
 2.31599E+01, 5.00958E+00
 2.34099E+01, 6.00067E+00
 2.36599E+01, 4.97812E+00
 2.39099E+01, 1.37901E+01
 2.41599E+01, 8.09465E+00
 2.44099E+01, 1.00193E+01
 2.46599E+01, 1.04717E+01
 2.49099E+01, 1.36429E+01
 2.51599E+01, 8.14186E+00
 2.54099E+01, 1.09932E+01
 2.56599E+01, 7.92494E+00
 2.59099E+01, 7.25648E+00
 2.61599E+01, 1.20321E+01
 2.64099E+01, 8.79721E+00
 2.66599E+01, 3.01877E+00
 2.69099E+01, 4.02276E+00
 2.71599E+01, 4.00556E+00
 2.74099E+01, 5.01206E+00
 2.76599E+01, 4.01470E+00
 2.79099E+01, 8.87158E+00
 2.81599E+01, 5.17982E+00
 2.84099E+01, 8.88433E+00
 2.86599E+01, 3.25119E+00
 2.89099E+01, 6.50391E+00
 2.91599E+01, 9.72753E+00
 2.94099E+01, 4.73367E+00
 2.96599E+01, 4.53032E+00
 2.99099E+01, 9.92072E+00
 3.01599E+01, 7.05316E+00
 3.04099E+01, 8.07913E+00
 3.06599E+01, 7.95633E+00
 3.09099E+01, 6.08230E+00
 3.11599E+01, 6.88042E+00
 3.14099E+01, 4.22470E+00
 3.16599E+01, 9.05825E+00
 3.19099E+01, 5.03179E+00
 3.21599E+01, 4.02800E+00
 3.24099E+01, 8.06973E+00
 3.26599E+01, 9.09073E+00
 3.29099E+01, 2.01679E+00
 3.31599E+01, 2.89689E+00
 3.34099E+01, 4.96825E+00
 3.36599E+01, 6.03588E+00
 3.39099E+01, 7.05321E+00
 3.41599E+01, 6.69032E+00
 3.44099E+01, 3.32141E+00
 3.46599E+01, 6.89067E+00
 3.49099E+01, 5.61358E+00
 3.51599E+01, 1.07678E+01
 3.54099E+01, 5.06444E+00
 3.56599E+01, 5.98120E+00
 3.59099E+01, 4.10308E+00
 3.61599E+01, 6.12301E+00
 3.64099E+01, 7.23028E+00
 3.66599E+01, 9.00703E+00
 3.69099E+01, 5.07860E+00
 3.71599E+01, 4.06162E+00
 3.74099E+01, 8.12998E+00
 3.76599E+01, 3.04661E+00
 3.79099E+01, 7.13064E+00
 3.81599E+01, 3.05340E+00
 3.84099E+01, 6.93906E+00
 3.86599E+01, 6.17802E+00
 3.89099E+01, 6.10665E+00
 3.91599E+01, 4.81122E+00
 3.94099E+01, 3.44157E+00
 3.96599E+01, 8.19685E+00
 3.99099E+01, 6.96072E+00
 4.01599E+01, 4.93055E+00
 4.04099E+01, 4.20926E+00
 4.06599E+01, 6.13837E+00
 4.09099E+01, 6.16096E+00
 4.11599E+01, 5.91984E+00
 4.14099E+01, 2.13192E+00
 4.16599E+01, 5.03966E+00
 4.19099E+01, 3.05288E+00
 4.21599E+01, 3.05918E+00
 4.24099E+01, 2.03738E+00
 4.26599E+01, 5.10947E+00
 4.29099E+01, 3.06227E+00
 4.31599E+01, 6.13166E+00
 4.34099E+01, 2.20603E+00
 4.36599E+01, 3.95707E+00
 4.39099E+01, 5.13027E+00
 4.41599E+01, 1.12878E+00
 4.44099E+01, 5.98355E+00
 4.46599E+01, 3.06683E+00
 4.49099E+01, 4.24134E+00
 4.51599E+01, 4.88455E+00
 4.54099E+01, 2.00089E+00
 4.56599E+01, 1.93933E+00
 4.59099E+01, 1.26198E+00
 4.61599E+01, 7.15926E+00
 4.64099E+01, 6.14372E+00
 4.66599E+01, 7.21477E+00
 4.69099E+01, 8.13361E+00
 4.71599E+01, 6.12594E+00
 4.74099E+01, 3.05724E+00
 4.76599E+01, 4.08305E+00
 4.79099E+01, 1.01653E+00
 4.81599E+01, 2.04071E+00
 4.84099E+01, 4.08905E+00
 4.86599E+01, 1.14560E+00
 4.89099E+01, 1.97586E+00
 4.91599E+01, 2.06482E+00
 4.94099E+01, 1.04729E+00
 4.96599E+01, 2.26871E+00
 4.99099E+01, 3.99436E+00
 5.01599E+01, 1.94571E+00
 5.04099E+01, 9.18260E-01
 5.06599E+01,-8.48310E-03
 5.09099E+01, 4.24890E-02
 5.11599E+01, 9.79564E-01
 5.14099E+01, 3.25187E-02
 5.16599E+01, 9.69502E-01
 5.19099E+01, 7.23275E-02
 5.21599E+01, 2.03462E+00
 5.24099E+01, 1.02230E+00
 5.26599E+01, 1.02188E+00
 5.29099E+01,-8.95703E-03
 5.31599E+01, 1.01988E+00
 5.34099E+01,-8.51841E-03
 5.36599E+01,-8.64173E-03
 5.39099E+01, 9.88741E-01
 5.41599E+01, 4.23638E-02
 5.44099E+01,-9.04771E-03
 5.46599E+01, 9.45578E-01
 5.49099E+01, 5.30602E-02
 5.51599E+01, 1.06356E+00
 5.54099E+01, 9.04021E-01
 5.56599E+01, 1.53463E-01
 5.59099E+01, 1.99240E+00
 5.61599E+01, 1.07365E+00
 5.64099E+01, 1.98171E+00
 5.66599E+01,-1.01501E-02
 5.69099E+01,-1.01314E-02
 5.71599E+01,-1.00593E-02
 5.74099E+01,-1.01994E-02
 5.76599E+01,-1.02156E-02
 5.79099E+01,-1.06428E-02
 5.81599E+01, 1.02555E+00
 5.84099E+01, 2.06434E+00
 5.86599E+01, 1.02630E+00
 5.89099E+01, 8.57705E-03
 5.91599E+01, 9.84376E-01
 5.94099E+01, 4.13452E-02
 5.96599E+01,-1.01035E-02
 5.99099E+01, 7.17607E-02
 6.01599E+01, 1.06234E+00
 6.04099E+01, 9.39989E-01
 6.06599E+01,-9.86497E-03
 6.09099E+01,-9.62351E-03
 6.11599E+01, 9.31287E-02
 6.14099E+01, 1.98268E+00
 6.16599E+01, 1.11223E-02
 6.19099E+01, 1.04596E+00
 6.21599E+01, 9.76173E-01
 6.24099E+01, 1.85454E-02
 6.26599E+01, 1.02572E+00
 6.29099E+01, 1.02676E+00
 6.31599E+01,-1.17024E-02
 6.34099E+01, 1.02724E+00
 6.36599E+01, 1.02722E+00
 6.39099E+01, 1.02776E+00
 6.41599E+01, 1.71314E-02
 6.44099E+01, 9.87823E-01
 6.46599E+01, 3.89976E-02
 6.49099E+01,-1.17111E-02
 6.51599E+01,-1.22726E-02
 6.54099E+01,-1.32209E-02
 6.56599E+01, 8.96587E-02
 6.59099E+01, 9.66376E-01
 6.61599E+01,-1.22289E-02
 6.64099E+01,-1.30057E-02
 6.66599E+01,-1.36917E-02
 6.69099E+01,-1.41463E-02
 6.71599E+01,-1.36966E-02
 6.74099E+01,-1.32162E-02
 6.76599E+01,-1.30173E-02
 6.79099E+01,-1.35893E-02
 6.81599E+01, 1.03161E+00
 6.84099E+01,-1.43360E-02
 6.86599E+01, 1.03454E+00
 6.89099E+01,-1.59243E-02
 6.91599E+01,-1.57735E-02
 6.94099E+01,-1.52152E-02
 6.96599E+01,-1.53154E-02
 6.99099E+01, 2.01866E+00
 7.01599E+01, 9.30534E-01
 7.04099E+01,-1.57606E-02
 7.06599E+01,-1.62917E-02
 7.09099E+01,-1.66403E-02
 7.11599E+01,-1.65053E-02
 7.14099E+01, 3.64491E-02
 7.16599E+01, 9.54976E-01
 7.19099E+01, 2.34799E-01
 7.21599E+01, 5.05985E+00
 7.24099E+01, 3.73115E-02
 7.26599E+01, 2.01600E+00
 7.29099E+01,-1.50251E-02
 7.31599E+01, 1.03622E+00
 7.34099E+01, 1.03631E+00
 7.36599E+01, 1.03726E+00
 7.39099E+01,-1.62663E-02
 7.41599E+01, 1.03769E+00
 7.44099E+01, 3.44529E-02
 7.46599E+01,-1.70128E-02
 7.49099E+01,-1.67991E-02
 7.51599E+01, 8.57034E-02
 7.54099E+01, 9.52538E-01
 7.56599E+01, 6.81309E-02
 7.59099E+01, 9.73652E-01
 7.61599E+01,-1.71365E-02
 7.64099E+01, 8.43290E-02
 7.66599E+01, 1.00694E+00
 7.69099E+01,-1.68089E-02
 7.71599E+01,-1.68089E-02
 7.74099E+01,-1.68089E-02
 7.76599E+01,-1.68089E-02
 7.79099E+01,-1.68089E-02
 7.81599E+01,-1.68089E-02
 7.84099E+01, 1.03922E+00
 7.86599E+01, 1.03922E+00
 7.89099E+01,-1.68089E-02
 7.91599E+01,-1.68089E-02
 7.94099E+01,-1.68089E-02
 7.96599E+01,-1.68089E-02
 7.99099E+01,-1.68089E-02
 8.01599E+01,-1.68089E-02
 8.04099E+01,-1.68089E-02
 8.06599E+01,-1.68089E-02
 8.09099E+01,-1.68089E-02
 8.11599E+01,-1.68089E-02
 8.14099E+01,-1.68089E-02
 8.16599E+01,-1.68089E-02
 8.19099E+01,-1.68089E-02
 8.21599E+01,-1.68089E-02
 8.24099E+01,-1.68089E-02
 8.26599E+01, 3.47904E-02
 8.29099E+01, 1.00896E+00
 8.31599E+01,-1.68089E-02
 8.34099E+01,-1.68089E-02
 8.36599E+01,-1.68089E-02
 8.39099E+01,-1.68089E-02
