PHOENIX module padd; 10/30/16 at 15:29:20 -07:00
energy (meV),monitor function
-9.94995E+01, 5.23027E+07
-9.92004E+01, 5.24937E+07
-9.89014E+01, 5.22386E+07
-9.86023E+01, 5.22156E+07
-9.83033E+01, 5.21497E+07
-9.80043E+01, 5.22727E+07
-9.77052E+01, 5.23528E+07
-9.74062E+01, 5.21375E+07
-9.71072E+01, 5.21110E+07
-9.68081E+01, 5.23752E+07
-9.65091E+01, 5.22659E+07
-9.62100E+01, 5.21396E+07
-9.59110E+01, 5.22395E+07
-9.56120E+01, 5.22383E+07
-9.53129E+01, 5.22114E+07
-9.50139E+01, 5.20791E+07
-9.47148E+01, 5.19546E+07
-9.44158E+01, 5.21639E+07
-9.41168E+01, 5.21654E+07
-9.38177E+01, 5.21085E+07
-9.35187E+01, 5.19447E+07
-9.32196E+01, 5.18440E+07
-9.29206E+01, 5.20259E+07
-9.26216E+01, 5.18560E+07
-9.23225E+01, 5.21402E+07
-9.20235E+01, 5.19469E+07
-9.17245E+01, 5.20529E+07
-9.14254E+01, 5.19519E+07
-9.11264E+01, 5.19048E+07
-9.08273E+01, 5.18992E+07
-9.05283E+01, 5.19177E+07
-9.02293E+01, 5.19404E+07
-8.99302E+01, 5.20217E+07
-8.96312E+01, 5.19531E+07
-8.93321E+01, 5.20247E+07
-8.90331E+01, 5.19877E+07
-8.87341E+01, 5.19430E+07
-8.84350E+01, 5.19877E+07
-8.81360E+01, 5.19016E+07
-8.78369E+01, 5.20418E+07
-8.75379E+01, 5.19385E+07
-8.72389E+01, 5.17763E+07
-8.69398E+01, 5.17344E+07
-8.66408E+01, 5.16992E+07
-8.63417E+01, 5.17463E+07
-8.60427E+01, 5.18071E+07
-8.57437E+01, 5.18867E+07
-8.54446E+01, 5.18104E+07
-8.51456E+01, 5.17328E+07
-8.48466E+01, 5.15878E+07
-8.45475E+01, 5.15993E+07
-8.42485E+01, 5.16356E+07
-8.39494E+01, 5.15767E+07
-8.36504E+01, 5.15204E+07
-8.33514E+01, 5.15979E+07
-8.30523E+01, 5.17943E+07
-8.27533E+01, 5.16174E+07
-8.24542E+01, 5.16114E+07
-8.21552E+01, 5.16988E+07
-8.18562E+01, 5.16564E+07
-8.15571E+01, 5.16619E+07
-8.12581E+01, 5.17944E+07
-8.09590E+01, 5.17227E+07
-8.06600E+01, 5.16087E+07
-8.03610E+01, 5.16693E+07
-8.00619E+01, 5.16558E+07
-7.97629E+01, 5.15983E+07
-7.94639E+01, 5.15939E+07
-7.91648E+01, 5.17299E+07
-7.88658E+01, 5.17697E+07
-7.85667E+01, 5.15493E+07
-7.82677E+01, 5.17069E+07
-7.79687E+01, 5.15887E+07
-7.76696E+01, 5.14433E+07
-7.73706E+01, 5.15113E+07
-7.70715E+01, 5.15384E+07
-7.67725E+01, 5.15245E+07
-7.64735E+01, 5.15328E+07
-7.61744E+01, 5.16342E+07
-7.58754E+01, 5.18514E+07
-7.55763E+01, 5.16536E+07
-7.52773E+01, 5.15391E+07
-7.49783E+01, 5.15805E+07
-7.46792E+01, 5.16379E+07
-7.43802E+01, 5.15791E+07
-7.40811E+01, 5.15803E+07
-7.37821E+01, 5.16732E+07
-7.34831E+01, 5.16561E+07
-7.31840E+01, 5.15763E+07
-7.28850E+01, 5.16383E+07
-7.25860E+01, 5.15125E+07
-7.22869E+01, 5.14623E+07
-7.19879E+01, 5.13704E+07
-7.16888E+01, 5.14079E+07
-7.13898E+01, 5.15874E+07
-7.10908E+01, 5.14264E+07
-7.07917E+01, 5.13307E+07
-7.04927E+01, 5.13635E+07
-7.01936E+01, 5.14817E+07
-6.98946E+01, 5.14407E+07
-6.95956E+01, 5.14200E+07
-6.92965E+01, 5.15687E+07
-6.89975E+01, 5.14674E+07
-6.86984E+01, 5.15606E+07
-6.83994E+01, 5.14354E+07
-6.81004E+01, 5.13877E+07
-6.78013E+01, 5.14127E+07
-6.75023E+01, 5.14371E+07
-6.72032E+01, 5.14174E+07
-6.69042E+01, 5.14270E+07
-6.66052E+01, 5.12897E+07
-6.63061E+01, 5.13663E+07
-6.60071E+01, 5.14221E+07
-6.57081E+01, 5.14099E+07
-6.54090E+01, 5.13445E+07
-6.51100E+01, 5.13895E+07
-6.48109E+01, 5.13683E+07
-6.45119E+01, 5.12825E+07
-6.42129E+01, 5.14650E+07
-6.39138E+01, 5.12379E+07
-6.36148E+01, 5.13048E+07
-6.33157E+01, 5.14172E+07
-6.30167E+01, 5.12420E+07
-6.27177E+01, 5.13621E+07
-6.24186E+01, 5.14400E+07
-6.21196E+01, 5.14645E+07
-6.18205E+01, 5.14405E+07
-6.15215E+01, 5.13608E+07
-6.12225E+01, 5.13899E+07
-6.09234E+01, 5.11828E+07
-6.06244E+01, 5.11366E+07
-6.03254E+01, 5.12952E+07
-6.00263E+01, 5.13689E+07
-5.97273E+01, 5.13228E+07
-5.94282E+01, 5.13368E+07
-5.91292E+01, 5.13987E+07
-5.88302E+01, 5.14238E+07
-5.85311E+01, 5.14086E+07
-5.82321E+01, 5.12932E+07
-5.79330E+01, 5.12326E+07
-5.76340E+01, 5.12483E+07
-5.73350E+01, 5.12398E+07
-5.70359E+01, 5.11772E+07
-5.67369E+01, 5.11434E+07
-5.64378E+01, 5.10737E+07
-5.61388E+01, 5.11332E+07
-5.58398E+01, 5.11085E+07
-5.55407E+01, 5.11055E+07
-5.52417E+01, 5.11055E+07
-5.49426E+01, 5.11350E+07
-5.46436E+01, 5.11566E+07
-5.43446E+01, 5.13410E+07
-5.40455E+01, 5.14344E+07
-5.37465E+01, 5.13437E+07
-5.34475E+01, 5.12432E+07
-5.31484E+01, 5.13178E+07
-5.28494E+01, 5.12254E+07
-5.25503E+01, 5.12688E+07
-5.22513E+01, 5.14135E+07
-5.19523E+01, 5.13393E+07
-5.16532E+01, 5.11776E+07
-5.13542E+01, 5.12505E+07
-5.10551E+01, 5.12847E+07
-5.07561E+01, 5.13246E+07
-5.04571E+01, 5.14446E+07
-5.01580E+01, 5.13740E+07
-4.98590E+01, 5.13284E+07
-4.95599E+01, 5.12753E+07
-4.92609E+01, 5.11065E+07
-4.89619E+01, 5.11131E+07
-4.86628E+01, 5.11940E+07
-4.83638E+01, 5.12241E+07
-4.80648E+01, 5.12516E+07
-4.77657E+01, 5.12828E+07
-4.74667E+01, 5.12148E+07
-4.71676E+01, 5.11694E+07
-4.68686E+01, 5.13146E+07
-4.65696E+01, 5.13836E+07
-4.62705E+01, 5.14964E+07
-4.59715E+01, 5.13113E+07
-4.56724E+01, 5.12682E+07
-4.53734E+01, 5.12658E+07
-4.50744E+01, 5.12239E+07
-4.47753E+01, 5.12345E+07
-4.44763E+01, 5.13507E+07
-4.41772E+01, 5.13989E+07
-4.38782E+01, 5.13231E+07
-4.35792E+01, 5.13076E+07
-4.32801E+01, 5.12558E+07
-4.29811E+01, 5.12153E+07
-4.26820E+01, 5.11008E+07
-4.23830E+01, 5.12262E+07
-4.20840E+01, 5.12550E+07
-4.17849E+01, 5.11696E+07
-4.14859E+01, 5.12372E+07
-4.11869E+01, 5.13058E+07
-4.08878E+01, 5.10799E+07
-4.05888E+01, 5.12275E+07
-4.02897E+01, 5.14058E+07
-3.99907E+01, 5.12223E+07
-3.96917E+01, 5.12612E+07
-3.93926E+01, 5.13773E+07
-3.90936E+01, 5.12824E+07
-3.87945E+01, 5.11396E+07
-3.84955E+01, 5.12232E+07
-3.81965E+01, 5.14187E+07
-3.78974E+01, 5.15474E+07
-3.75984E+01, 5.14422E+07
-3.72993E+01, 5.13933E+07
-3.70003E+01, 5.12456E+07
-3.67013E+01, 5.11967E+07
-3.64022E+01, 5.12679E+07
-3.61032E+01, 5.11374E+07
-3.58042E+01, 5.11542E+07
-3.55051E+01, 5.12462E+07
-3.52061E+01, 5.12054E+07
-3.49070E+01, 5.12077E+07
-3.46080E+01, 5.12150E+07
-3.43090E+01, 5.11731E+07
-3.40099E+01, 5.13841E+07
-3.37109E+01, 5.16078E+07
-3.34118E+01, 5.12744E+07
-3.31128E+01, 5.11591E+07
-3.28138E+01, 5.12567E+07
-3.25147E+01, 5.11549E+07
-3.22157E+01, 5.10110E+07
-3.19166E+01, 5.12225E+07
-3.16176E+01, 5.14019E+07
-3.13186E+01, 5.13187E+07
-3.10195E+01, 5.12563E+07
-3.07205E+01, 5.12091E+07
-3.04214E+01, 5.13756E+07
-3.01224E+01, 5.14657E+07
-2.98234E+01, 5.13441E+07
-2.95243E+01, 5.14426E+07
-2.92253E+01, 5.13304E+07
-2.89263E+01, 5.10581E+07
-2.86272E+01, 5.11881E+07
-2.83282E+01, 5.12285E+07
-2.80291E+01, 5.12149E+07
-2.77301E+01, 5.13101E+07
-2.74311E+01, 5.11500E+07
-2.71320E+01, 5.11053E+07
-2.68330E+01, 5.11599E+07
-2.65339E+01, 5.11860E+07
-2.62349E+01, 5.12967E+07
-2.59359E+01, 5.13084E+07
-2.56368E+01, 5.12599E+07
-2.53378E+01, 5.11846E+07
-2.50387E+01, 5.11102E+07
-2.47397E+01, 5.11961E+07
-2.44407E+01, 5.12551E+07
-2.41416E+01, 5.12167E+07
-2.38426E+01, 5.11562E+07
-2.35435E+01, 5.12255E+07
-2.32445E+01, 5.13780E+07
-2.29455E+01, 5.14381E+07
-2.26464E+01, 5.14641E+07
-2.23474E+01, 5.13812E+07
-2.20484E+01, 5.12187E+07
-2.17493E+01, 5.11820E+07
-2.14503E+01, 5.12672E+07
-2.11512E+01, 5.12924E+07
-2.08522E+01, 5.11578E+07
-2.05532E+01, 5.10152E+07
-2.02541E+01, 5.10098E+07
-1.99551E+01, 5.10500E+07
-1.96560E+01, 5.09860E+07
-1.93570E+01, 5.10240E+07
-1.90580E+01, 5.11235E+07
-1.87589E+01, 5.10711E+07
-1.84599E+01, 5.10372E+07
-1.81608E+01, 5.10324E+07
-1.78618E+01, 5.10485E+07
-1.75628E+01, 5.12016E+07
-1.72637E+01, 5.11745E+07
-1.69647E+01, 5.10492E+07
-1.66657E+01, 5.10264E+07
-1.63666E+01, 5.11108E+07
-1.60676E+01, 5.12910E+07
-1.57685E+01, 5.11722E+07
-1.54695E+01, 5.11642E+07
-1.51705E+01, 5.11766E+07
-1.48714E+01, 5.10397E+07
-1.45724E+01, 5.10354E+07
-1.42733E+01, 5.11074E+07
-1.39743E+01, 5.12211E+07
-1.36753E+01, 5.11137E+07
-1.33762E+01, 5.09158E+07
-1.30772E+01, 5.10850E+07
-1.27781E+01, 5.10487E+07
-1.24791E+01, 5.10373E+07
-1.21801E+01, 5.11098E+07
-1.18810E+01, 5.10614E+07
-1.15820E+01, 5.11861E+07
-1.12829E+01, 5.11835E+07
-1.09839E+01, 5.09970E+07
-1.06849E+01, 5.09643E+07
-1.03858E+01, 5.09821E+07
-1.00868E+01, 5.09957E+07
-9.78775E+00, 5.08864E+07
-9.48871E+00, 5.09508E+07
-9.18968E+00, 5.12228E+07
-8.89064E+00, 5.12687E+07
-8.59160E+00, 5.11169E+07
-8.29256E+00, 5.11690E+07
-7.99352E+00, 5.11763E+07
-7.69448E+00, 5.10360E+07
-7.39544E+00, 5.11107E+07
-7.09640E+00, 5.11856E+07
-6.79736E+00, 5.11889E+07
-6.49832E+00, 5.10321E+07
-6.19929E+00, 5.08659E+07
-5.90025E+00, 5.09539E+07
-5.60121E+00, 5.10532E+07
-5.30217E+00, 5.10166E+07
-5.00313E+00, 5.10568E+07
-4.70409E+00, 5.11087E+07
-4.40505E+00, 5.08272E+07
-4.10601E+00, 5.07087E+07
-3.80697E+00, 5.09518E+07
-3.50793E+00, 5.10581E+07
-3.20890E+00, 5.10768E+07
-2.90986E+00, 5.10746E+07
-2.61082E+00, 5.09226E+07
-2.31178E+00, 5.08970E+07
-2.01274E+00, 5.09751E+07
-1.71370E+00, 5.09805E+07
-1.41466E+00, 5.09810E+07
-1.11562E+00, 5.09261E+07
-8.16583E-01, 5.10035E+07
-5.17544E-01, 5.12504E+07
-2.18505E-01, 5.11026E+07
 8.05343E-02, 5.09163E+07
 3.79573E-01, 5.10947E+07
 6.78612E-01, 5.11263E+07
 9.77651E-01, 5.09334E+07
 1.27669E+00, 5.09681E+07
 1.57573E+00, 5.10951E+07
 1.87477E+00, 5.10908E+07
 2.17381E+00, 5.07462E+07
 2.47285E+00, 5.06539E+07
 2.77189E+00, 5.08866E+07
 3.07092E+00, 5.09562E+07
 3.36996E+00, 5.09042E+07
 3.66900E+00, 5.09517E+07
 3.96804E+00, 5.10057E+07
 4.26708E+00, 5.08536E+07
 4.56612E+00, 5.08605E+07
 4.86516E+00, 5.09015E+07
 5.16420E+00, 5.09009E+07
 5.46324E+00, 5.09638E+07
 5.76228E+00, 5.09965E+07
 6.06132E+00, 5.08814E+07
 6.36035E+00, 5.09869E+07
 6.65939E+00, 5.10669E+07
 6.95843E+00, 5.10445E+07
 7.25747E+00, 5.09464E+07
 7.55651E+00, 5.08117E+07
 7.85555E+00, 5.11045E+07
 8.15459E+00, 5.11137E+07
 8.45363E+00, 5.09872E+07
 8.75267E+00, 5.09985E+07
 9.05171E+00, 5.10821E+07
 9.35074E+00, 5.11516E+07
 9.64978E+00, 5.11126E+07
 9.94882E+00, 5.09314E+07
 1.02479E+01, 5.09001E+07
 1.05469E+01, 5.10185E+07
 1.08459E+01, 5.08282E+07
 1.11450E+01, 5.09455E+07
 1.14440E+01, 5.10770E+07
 1.17431E+01, 5.09802E+07
 1.20421E+01, 5.08655E+07
 1.23411E+01, 5.11164E+07
 1.26402E+01, 5.11250E+07
 1.29392E+01, 5.10576E+07
 1.32383E+01, 5.11042E+07
 1.35373E+01, 5.10028E+07
 1.38363E+01, 5.08226E+07
 1.41354E+01, 5.08575E+07
 1.44344E+01, 5.10249E+07
 1.47334E+01, 5.10675E+07
 1.50325E+01, 5.10042E+07
 1.53315E+01, 5.10464E+07
 1.56306E+01, 5.11460E+07
 1.59296E+01, 5.09936E+07
 1.62286E+01, 5.08215E+07
 1.65277E+01, 5.08323E+07
 1.68267E+01, 5.09780E+07
 1.71258E+01, 5.09698E+07
 1.74248E+01, 5.10521E+07
 1.77238E+01, 5.11155E+07
 1.80229E+01, 5.10326E+07
 1.83219E+01, 5.12424E+07
 1.86210E+01, 5.13366E+07
 1.89200E+01, 5.12529E+07
 1.92190E+01, 5.12780E+07
 1.95181E+01, 5.11504E+07
 1.98171E+01, 5.13692E+07
 2.01161E+01, 5.11873E+07
 2.04152E+01, 5.13085E+07
 2.07142E+01, 5.11630E+07
 2.10133E+01, 5.10971E+07
 2.13123E+01, 5.11266E+07
 2.16113E+01, 5.12035E+07
 2.19104E+01, 5.12782E+07
 2.22094E+01, 5.12151E+07
 2.25085E+01, 5.11243E+07
 2.28075E+01, 5.11683E+07
 2.31065E+01, 5.13347E+07
 2.34056E+01, 5.12825E+07
 2.37046E+01, 5.11647E+07
 2.40037E+01, 5.09752E+07
 2.43027E+01, 5.10375E+07
 2.46017E+01, 5.10921E+07
 2.49008E+01, 5.11620E+07
 2.51998E+01, 5.11715E+07
 2.54989E+01, 5.12558E+07
 2.57979E+01, 5.12696E+07
 2.60969E+01, 5.12489E+07
 2.63960E+01, 5.13752E+07
 2.66950E+01, 5.13082E+07
 2.69940E+01, 5.13122E+07
 2.72931E+01, 5.13566E+07
 2.75921E+01, 5.13410E+07
 2.78912E+01, 5.13259E+07
 2.81902E+01, 5.12845E+07
 2.84892E+01, 5.12706E+07
 2.87883E+01, 5.12845E+07
 2.90873E+01, 5.11325E+07
 2.93864E+01, 5.11342E+07
 2.96854E+01, 5.11493E+07
 2.99844E+01, 5.10358E+07
 3.02835E+01, 5.11007E+07
 3.05825E+01, 5.12325E+07
 3.08816E+01, 5.13631E+07
 3.11806E+01, 5.13902E+07
 3.14796E+01, 5.11770E+07
 3.17787E+01, 5.11714E+07
 3.20777E+01, 5.11926E+07
 3.23768E+01, 5.11687E+07
 3.26758E+01, 5.11472E+07
 3.29748E+01, 5.11921E+07
 3.32739E+01, 5.11654E+07
 3.35729E+01, 5.10685E+07
 3.38719E+01, 5.10962E+07
 3.41710E+01, 5.11261E+07
 3.44700E+01, 5.12656E+07
 3.47691E+01, 5.14740E+07
 3.50681E+01, 5.13584E+07
 3.53671E+01, 5.13010E+07
 3.56662E+01, 5.13704E+07
 3.59652E+01, 5.14632E+07
 3.62643E+01, 5.15366E+07
 3.65633E+01, 5.13226E+07
 3.68623E+01, 5.12222E+07
 3.71614E+01, 5.12851E+07
 3.74604E+01, 5.12267E+07
 3.77595E+01, 5.14459E+07
 3.80585E+01, 5.14979E+07
 3.83575E+01, 5.12697E+07
 3.86566E+01, 5.12265E+07
 3.89556E+01, 5.13075E+07
 3.92546E+01, 5.13209E+07
 3.95537E+01, 5.13510E+07
 3.98527E+01, 5.12959E+07
 4.01518E+01, 5.13414E+07
 4.04508E+01, 5.14401E+07
 4.07498E+01, 5.11907E+07
 4.10489E+01, 5.11306E+07
 4.13479E+01, 5.14138E+07
 4.16470E+01, 5.15069E+07
 4.19460E+01, 5.13697E+07
 4.22450E+01, 5.13137E+07
 4.25441E+01, 5.12711E+07
 4.28431E+01, 5.12401E+07
 4.31422E+01, 5.13084E+07
 4.34412E+01, 5.15776E+07
 4.37402E+01, 5.16475E+07
 4.40393E+01, 5.16041E+07
 4.43383E+01, 5.15213E+07
 4.46374E+01, 5.13553E+07
 4.49364E+01, 5.13105E+07
 4.52354E+01, 5.12915E+07
 4.55345E+01, 5.14474E+07
 4.58335E+01, 5.13146E+07
 4.61325E+01, 5.11430E+07
 4.64316E+01, 5.12552E+07
 4.67306E+01, 5.12907E+07
 4.70297E+01, 5.14016E+07
 4.73287E+01, 5.14198E+07
 4.76277E+01, 5.13535E+07
 4.79268E+01, 5.14254E+07
 4.82258E+01, 5.13183E+07
 4.85249E+01, 5.13144E+07
 4.88239E+01, 5.14083E+07
 4.91229E+01, 5.15021E+07
 4.94220E+01, 5.16393E+07
 4.97210E+01, 5.16749E+07
 5.00201E+01, 5.16261E+07
 5.03191E+01, 5.15970E+07
 5.06181E+01, 5.14687E+07
 5.09172E+01, 5.14297E+07
 5.12162E+01, 5.16967E+07
 5.15152E+01, 5.16622E+07
 5.18143E+01, 5.13919E+07
 5.21133E+01, 5.14780E+07
 5.24124E+01, 5.15837E+07
 5.27114E+01, 5.15838E+07
 5.30104E+01, 5.16380E+07
 5.33095E+01, 5.15105E+07
 5.36085E+01, 5.14196E+07
 5.39076E+01, 5.13355E+07
 5.42066E+01, 5.13352E+07
 5.45056E+01, 5.13954E+07
 5.48047E+01, 5.12334E+07
 5.51037E+01, 5.12076E+07
 5.54028E+01, 5.11425E+07
 5.57018E+01, 5.12739E+07
 5.60008E+01, 5.14398E+07
 5.62999E+01, 5.15168E+07
 5.65989E+01, 5.16057E+07
 5.68980E+01, 5.16072E+07
 5.71970E+01, 5.15162E+07
 5.74960E+01, 5.14805E+07
 5.77951E+01, 5.13828E+07
 5.80941E+01, 5.12857E+07
 5.83931E+01, 5.13466E+07
 5.86922E+01, 5.15037E+07
 5.89912E+01, 5.13966E+07
 5.92903E+01, 5.13082E+07
 5.95893E+01, 5.15411E+07
 5.98883E+01, 5.14688E+07
 6.01874E+01, 5.14122E+07
 6.04864E+01, 5.13343E+07
 6.07855E+01, 5.12668E+07
 6.10845E+01, 5.13621E+07
 6.13835E+01, 5.12988E+07
 6.16826E+01, 5.13546E+07
 6.19816E+01, 5.14626E+07
 6.22807E+01, 5.13422E+07
 6.25797E+01, 5.11728E+07
 6.28787E+01, 5.12925E+07
 6.31778E+01, 5.13584E+07
 6.34768E+01, 5.12870E+07
 6.37758E+01, 5.12293E+07
 6.40749E+01, 5.12201E+07
 6.43739E+01, 5.13360E+07
 6.46730E+01, 5.14830E+07
 6.49720E+01, 5.14732E+07
 6.52710E+01, 5.15270E+07
 6.55701E+01, 5.14910E+07
 6.58691E+01, 5.14571E+07
 6.61682E+01, 5.15409E+07
 6.64672E+01, 5.14523E+07
 6.67662E+01, 5.12809E+07
 6.70653E+01, 5.12684E+07
 6.73643E+01, 5.13846E+07
 6.76634E+01, 5.14605E+07
 6.79624E+01, 5.14007E+07
 6.82614E+01, 5.13569E+07
 6.85605E+01, 5.12937E+07
 6.88595E+01, 5.13006E+07
 6.91586E+01, 5.12574E+07
 6.94576E+01, 5.13455E+07
 6.97566E+01, 5.13589E+07
 7.00557E+01, 5.12342E+07
 7.03547E+01, 5.13078E+07
 7.06537E+01, 5.13517E+07
 7.09528E+01, 5.12609E+07
 7.12518E+01, 5.13082E+07
 7.15509E+01, 5.12060E+07
 7.18499E+01, 5.11025E+07
 7.21489E+01, 5.13098E+07
 7.24480E+01, 5.15166E+07
 7.27470E+01, 5.16034E+07
 7.30461E+01, 5.14208E+07
 7.33451E+01, 5.11957E+07
 7.36441E+01, 5.14226E+07
 7.39432E+01, 5.15986E+07
 7.42422E+01, 5.14201E+07
 7.45413E+01, 5.13652E+07
 7.48403E+01, 5.12367E+07
 7.51393E+01, 5.10252E+07
 7.54384E+01, 5.11420E+07
 7.57374E+01, 5.12777E+07
 7.60365E+01, 5.11765E+07
 7.63355E+01, 5.12657E+07
 7.66345E+01, 5.13333E+07
 7.69336E+01, 5.13189E+07
 7.72326E+01, 5.13799E+07
 7.75316E+01, 5.13556E+07
 7.78307E+01, 5.12862E+07
 7.81297E+01, 5.13456E+07
 7.84288E+01, 5.12457E+07
 7.87278E+01, 5.12725E+07
 7.90268E+01, 5.12690E+07
 7.93259E+01, 5.13302E+07
 7.96249E+01, 5.11595E+07
 7.99240E+01, 5.13080E+07
 8.02230E+01, 5.14921E+07
 8.05220E+01, 5.12903E+07
 8.08211E+01, 5.13627E+07
 8.11201E+01, 5.16091E+07
 8.14192E+01, 5.15361E+07
 8.17182E+01, 5.15159E+07
 8.20172E+01, 5.13722E+07
 8.23163E+01, 5.12906E+07
 8.26153E+01, 5.12956E+07
 8.29143E+01, 5.12582E+07
 8.32134E+01, 5.13382E+07
 8.35124E+01, 5.11700E+07
 8.38115E+01, 5.12466E+07
 8.41105E+01, 5.12119E+07
 8.44095E+01, 5.12343E+07
 8.47086E+01, 5.12561E+07
 8.50076E+01, 5.11739E+07
 8.53067E+01, 5.12264E+07
 8.56057E+01, 5.13327E+07
 8.59047E+01, 5.12169E+07
 8.62038E+01, 5.12017E+07
 8.65028E+01, 5.11078E+07
 8.68019E+01, 5.11779E+07
 8.71009E+01, 5.11939E+07
 8.73999E+01, 5.12108E+07
 8.76990E+01, 5.13526E+07
 8.79980E+01, 5.13843E+07
 8.82971E+01, 5.11268E+07
 8.85961E+01, 5.11160E+07
 8.88951E+01, 5.12908E+07
 8.91942E+01, 5.11681E+07
 8.94932E+01, 5.11011E+07
 8.97922E+01, 5.11234E+07
 9.00913E+01, 5.11102E+07
 9.03903E+01, 5.11767E+07
 9.06894E+01, 5.11602E+07
 9.09884E+01, 5.11991E+07
 9.12874E+01, 5.10884E+07
 9.15865E+01, 5.11100E+07
 9.18855E+01, 5.13661E+07
 9.21846E+01, 5.13429E+07
 9.24836E+01, 5.12113E+07
 9.27826E+01, 5.11885E+07
 9.30817E+01, 5.12552E+07
 9.33807E+01, 5.10465E+07
 9.36798E+01, 5.11071E+07
 9.39788E+01, 5.13021E+07
 9.42778E+01, 5.14303E+07
 9.45769E+01, 5.12563E+07
 9.48759E+01, 5.11593E+07
 9.51749E+01, 5.11521E+07
 9.54740E+01, 5.12820E+07
 9.57730E+01, 5.11831E+07
 9.60721E+01, 5.11501E+07
 9.63711E+01, 5.11688E+07
 9.66701E+01, 5.09499E+07
 9.69692E+01, 5.09943E+07
 9.72682E+01, 5.07075E+07
 9.75673E+01, 5.07442E+07
 9.78663E+01, 5.07749E+07
 9.81653E+01, 5.08508E+07
 9.84644E+01, 5.09084E+07
 9.87634E+01, 5.10394E+07
 9.90625E+01, 5.07576E+07
 9.93615E+01, 5.09146E+07
 9.96605E+01, 5.09572E+07

-9.50705E+01, 5.25417E+07
-9.47718E+01, 5.23607E+07
-9.44731E+01, 5.25970E+07
-9.41745E+01, 5.25510E+07
-9.38758E+01, 5.21465E+07
-9.35771E+01, 5.25210E+07
-9.32784E+01, 5.20448E+07
-9.29797E+01, 5.18810E+07
-9.26811E+01, 5.17426E+07
-9.23824E+01, 5.15891E+07
-9.20837E+01, 5.16326E+07
-9.17850E+01, 5.17260E+07
-9.14863E+01, 5.19946E+07
-9.11877E+01, 5.18687E+07
-9.08890E+01, 5.18047E+07
-9.05903E+01, 5.18048E+07
-9.02916E+01, 5.18136E+07
-8.99929E+01, 5.16048E+07
-8.96943E+01, 5.15041E+07
-8.93956E+01, 5.16801E+07
-8.90969E+01, 5.14167E+07
-8.87982E+01, 5.13037E+07
-8.84996E+01, 5.13426E+07
-8.82009E+01, 5.14898E+07
-8.79022E+01, 5.12360E+07
-8.76035E+01, 5.11349E+07
-8.73048E+01, 5.11313E+07
-8.70062E+01, 5.12119E+07
-8.67075E+01, 5.12489E+07
-8.64088E+01, 5.14955E+07
-8.61101E+01, 5.14033E+07
-8.58114E+01, 5.14241E+07
-8.55128E+01, 5.11212E+07
-8.52141E+01, 5.14714E+07
-8.49154E+01, 5.12726E+07
-8.46167E+01, 5.11123E+07
-8.43181E+01, 5.08021E+07
-8.40194E+01, 5.07436E+07
-8.37207E+01, 5.10282E+07
-8.34220E+01, 5.07947E+07
-8.31233E+01, 5.06446E+07
-8.28247E+01, 5.06854E+07
-8.25260E+01, 5.08130E+07
-8.22273E+01, 5.06639E+07
-8.19286E+01, 5.07618E+07
-8.16299E+01, 5.07029E+07
-8.13313E+01, 5.05738E+07
-8.10326E+01, 5.03913E+07
-8.07339E+01, 5.03081E+07
-8.04352E+01, 5.03176E+07
-8.01366E+01, 5.01506E+07
-7.98379E+01, 5.00235E+07
-7.95392E+01, 5.01321E+07
-7.92405E+01, 5.03551E+07
-7.89418E+01, 5.05270E+07
-7.86432E+01, 5.04167E+07
-7.83445E+01, 5.04277E+07
-7.80458E+01, 5.01619E+07
-7.77471E+01, 5.01608E+07
-7.74484E+01, 4.98724E+07
-7.71498E+01, 4.98490E+07
-7.68511E+01, 4.98795E+07
-7.65524E+01, 4.98529E+07
-7.62537E+01, 4.97893E+07
-7.59551E+01, 4.96985E+07
-7.56564E+01, 4.97348E+07
-7.53577E+01, 4.94638E+07
-7.50590E+01, 4.95299E+07
-7.47603E+01, 4.94804E+07
-7.44617E+01, 4.95615E+07
-7.41630E+01, 4.95613E+07
-7.38643E+01, 4.94059E+07
-7.35656E+01, 4.95840E+07
-7.32669E+01, 4.94434E+07
-7.29683E+01, 4.94625E+07
-7.26696E+01, 4.93678E+07
-7.23709E+01, 4.94865E+07
-7.20722E+01, 4.94861E+07
-7.17735E+01, 4.92497E+07
-7.14749E+01, 4.93094E+07
-7.11762E+01, 4.93778E+07
-7.08775E+01, 4.92508E+07
-7.05788E+01, 4.91380E+07
-7.02802E+01, 4.91225E+07
-6.99815E+01, 4.93234E+07
-6.96828E+01, 4.91654E+07
-6.93841E+01, 4.90526E+07
-6.90854E+01, 4.89909E+07
-6.87868E+01, 4.88899E+07
-6.84881E+01, 4.87875E+07
-6.81894E+01, 4.88084E+07
-6.78907E+01, 4.88853E+07
-6.75920E+01, 4.90834E+07
-6.72934E+01, 4.89887E+07
-6.69947E+01, 4.89005E+07
-6.66960E+01, 4.87506E+07
-6.63973E+01, 4.88641E+07
-6.60987E+01, 4.87412E+07
-6.58000E+01, 4.87534E+07
-6.55013E+01, 4.87302E+07
-6.52026E+01, 4.87328E+07
-6.49039E+01, 4.86444E+07
-6.46053E+01, 4.86068E+07
-6.43066E+01, 4.85866E+07
-6.40079E+01, 4.85802E+07
-6.37092E+01, 4.84495E+07
-6.34105E+01, 4.86036E+07
-6.31119E+01, 4.85011E+07
-6.28132E+01, 4.83603E+07
-6.25145E+01, 4.83036E+07
-6.22158E+01, 4.84736E+07
-6.19172E+01, 4.84815E+07
-6.16185E+01, 4.86756E+07
-6.13198E+01, 4.84578E+07
-6.10211E+01, 4.83543E+07
-6.07224E+01, 4.83318E+07
-6.04238E+01, 4.83027E+07
-6.01251E+01, 4.81389E+07
-5.98264E+01, 4.82222E+07
-5.95277E+01, 4.80529E+07
-5.92290E+01, 4.82549E+07
-5.89304E+01, 4.80335E+07
-5.86317E+01, 4.80327E+07
-5.83330E+01, 4.79020E+07
-5.80343E+01, 4.77978E+07
-5.77357E+01, 4.79668E+07
-5.74370E+01, 4.79561E+07
-5.71383E+01, 4.77979E+07
-5.68396E+01, 4.77876E+07
-5.65409E+01, 4.77099E+07
-5.62423E+01, 4.77655E+07
-5.59436E+01, 4.77900E+07
-5.56449E+01, 4.77290E+07
-5.53462E+01, 4.78400E+07
-5.50475E+01, 4.79745E+07
-5.47489E+01, 4.79047E+07
-5.44502E+01, 4.78165E+07
-5.41515E+01, 4.77675E+07
-5.38528E+01, 4.77750E+07
-5.35541E+01, 4.77153E+07
-5.32555E+01, 4.77485E+07
-5.29568E+01, 4.77995E+07
-5.26581E+01, 4.79180E+07
-5.23594E+01, 4.77646E+07
-5.20608E+01, 4.76852E+07
-5.17621E+01, 4.76399E+07
-5.14634E+01, 4.75827E+07
-5.11647E+01, 4.76064E+07
-5.08660E+01, 4.77971E+07
-5.05674E+01, 4.77678E+07
-5.02687E+01, 4.78754E+07
-4.99700E+01, 4.76277E+07
-4.96713E+01, 4.74985E+07
-4.93726E+01, 4.75119E+07
-4.90740E+01, 4.74464E+07
-4.87753E+01, 4.74438E+07
-4.84766E+01, 4.73263E+07
-4.81779E+01, 4.73820E+07
-4.78793E+01, 4.75425E+07
-4.75806E+01, 4.75571E+07
-4.72819E+01, 4.75193E+07
-4.69832E+01, 4.74974E+07
-4.66845E+01, 4.73951E+07
-4.63859E+01, 4.74741E+07
-4.60872E+01, 4.74845E+07
-4.57885E+01, 4.73527E+07
-4.54898E+01, 4.73229E+07
-4.51911E+01, 4.73603E+07
-4.48925E+01, 4.74518E+07
-4.45938E+01, 4.72912E+07
-4.42951E+01, 4.72057E+07
-4.39964E+01, 4.71884E+07
-4.36978E+01, 4.71911E+07
-4.33991E+01, 4.71298E+07
-4.31004E+01, 4.70510E+07
-4.28017E+01, 4.71486E+07
-4.25030E+01, 4.73011E+07
-4.22044E+01, 4.72358E+07
-4.19057E+01, 4.72521E+07
-4.16070E+01, 4.72698E+07
-4.13083E+01, 4.70911E+07
-4.10096E+01, 4.69708E+07
-4.07110E+01, 4.71345E+07
-4.04123E+01, 4.70562E+07
-4.01136E+01, 4.70919E+07
-3.98149E+01, 4.68437E+07
-3.95163E+01, 4.69404E+07
-3.92176E+01, 4.69360E+07
-3.89189E+01, 4.67111E+07
-3.86202E+01, 4.68109E+07
-3.83215E+01, 4.68087E+07
-3.80229E+01, 4.68612E+07
-3.77242E+01, 4.68931E+07
-3.74255E+01, 4.67155E+07
-3.71268E+01, 4.68281E+07
-3.68281E+01, 4.67302E+07
-3.65295E+01, 4.65638E+07
-3.62308E+01, 4.66996E+07
-3.59321E+01, 4.67472E+07
-3.56334E+01, 4.68807E+07
-3.53348E+01, 4.68385E+07
-3.50361E+01, 4.66579E+07
-3.47374E+01, 4.65120E+07
-3.44387E+01, 4.64800E+07
-3.41400E+01, 4.66670E+07
-3.38414E+01, 4.65052E+07
-3.35427E+01, 4.64312E+07
-3.32440E+01, 4.66774E+07
-3.29453E+01, 4.66366E+07
-3.26466E+01, 4.66229E+07
-3.23480E+01, 4.66359E+07
-3.20493E+01, 4.65998E+07
-3.17506E+01, 4.66396E+07
-3.14519E+01, 4.66610E+07
-3.11532E+01, 4.65372E+07
-3.08546E+01, 4.65184E+07
-3.05559E+01, 4.64722E+07
-3.02572E+01, 4.64238E+07
-2.99585E+01, 4.65314E+07
-2.96599E+01, 4.65343E+07
-2.93612E+01, 4.65049E+07
-2.90625E+01, 4.64604E+07
-2.87638E+01, 4.63385E+07
-2.84651E+01, 4.63359E+07
-2.81665E+01, 4.62635E+07
-2.78678E+01, 4.62257E+07
-2.75691E+01, 4.62657E+07
-2.72704E+01, 4.62242E+07
-2.69717E+01, 4.61203E+07
-2.66731E+01, 4.60649E+07
-2.63744E+01, 4.61815E+07
-2.60757E+01, 4.61678E+07
-2.57770E+01, 4.61656E+07
-2.54784E+01, 4.60807E+07
-2.51797E+01, 4.61180E+07
-2.48810E+01, 4.61617E+07
-2.45823E+01, 4.61056E+07
-2.42836E+01, 4.62413E+07
-2.39850E+01, 4.62911E+07
-2.36863E+01, 4.60811E+07
-2.33876E+01, 4.61203E+07
-2.30889E+01, 4.59745E+07
-2.27902E+01, 4.59866E+07
-2.24916E+01, 4.61971E+07
-2.21929E+01, 4.60417E+07
-2.18942E+01, 4.58441E+07
-2.15955E+01, 4.58305E+07
-2.12969E+01, 4.58943E+07
-2.09982E+01, 4.57746E+07
-2.06995E+01, 4.57717E+07
-2.04008E+01, 4.58461E+07
-2.01021E+01, 4.59354E+07
-1.98035E+01, 4.57424E+07
-1.95048E+01, 4.56711E+07
-1.92061E+01, 4.57511E+07
-1.89074E+01, 4.57845E+07
-1.86087E+01, 4.58117E+07
-1.83101E+01, 4.58187E+07
-1.80114E+01, 4.55172E+07
-1.77127E+01, 4.56374E+07
-1.74140E+01, 4.58247E+07
-1.71154E+01, 4.56662E+07
-1.68167E+01, 4.56812E+07
-1.65180E+01, 4.56284E+07
-1.62193E+01, 4.55246E+07
-1.59206E+01, 4.56271E+07
-1.56220E+01, 4.57758E+07
-1.53233E+01, 4.57229E+07
-1.50246E+01, 4.56522E+07
-1.47259E+01, 4.55917E+07
-1.44272E+01, 4.54878E+07
-1.41286E+01, 4.54788E+07
-1.38299E+01, 4.56801E+07
-1.35312E+01, 4.56052E+07
-1.32325E+01, 4.55050E+07
-1.29338E+01, 4.55304E+07
-1.26352E+01, 4.53713E+07
-1.23365E+01, 4.53127E+07
-1.20378E+01, 4.54104E+07
-1.17391E+01, 4.54511E+07
-1.14405E+01, 4.52448E+07
-1.11418E+01, 4.52883E+07
-1.08431E+01, 4.54440E+07
-1.05444E+01, 4.54584E+07
-1.02457E+01, 4.53146E+07
-9.94706E+00, 4.53232E+07
-9.64838E+00, 4.53696E+07
-9.34971E+00, 4.52789E+07
-9.05103E+00, 4.53721E+07
-8.75235E+00, 4.54547E+07
-8.45367E+00, 4.52880E+07
-8.15499E+00, 4.53161E+07
-7.85631E+00, 4.53146E+07
-7.55763E+00, 4.53077E+07
-7.25895E+00, 4.54707E+07
-6.96028E+00, 4.55427E+07
-6.66160E+00, 4.53801E+07
-6.36292E+00, 4.52882E+07
-6.06424E+00, 4.53204E+07
-5.76556E+00, 4.52850E+07
-5.46688E+00, 4.52646E+07
-5.16820E+00, 4.54208E+07
-4.86953E+00, 4.52809E+07
-4.57085E+00, 4.52159E+07
-4.27217E+00, 4.53473E+07
-3.97349E+00, 4.52444E+07
-3.67481E+00, 4.51144E+07
-3.37613E+00, 4.51323E+07
-3.07745E+00, 4.51829E+07
-2.77877E+00, 4.52320E+07
-2.48010E+00, 4.52445E+07
-2.18142E+00, 4.53175E+07
-1.88274E+00, 4.52851E+07
-1.58406E+00, 4.52824E+07
-1.28538E+00, 4.54434E+07
-9.86702E-01, 4.53003E+07
-6.88024E-01, 4.51759E+07
-3.89345E-01, 4.52286E+07
-9.06664E-02, 4.52401E+07
 2.08012E-01, 4.52795E+07
 5.06691E-01, 4.52933E+07
 8.05370E-01, 4.52403E+07
 1.10405E+00, 4.52704E+07
 1.40273E+00, 4.52393E+07
 1.70141E+00, 4.51829E+07
 2.00008E+00, 4.52389E+07
 2.29876E+00, 4.51864E+07
 2.59744E+00, 4.51193E+07
 2.89612E+00, 4.52293E+07
 3.19480E+00, 4.50782E+07
 3.49348E+00, 4.49177E+07
 3.79216E+00, 4.49674E+07
 4.09084E+00, 4.50787E+07
 4.38951E+00, 4.50306E+07
 4.68819E+00, 4.49256E+07
 4.98687E+00, 4.49708E+07
 5.28555E+00, 4.48341E+07
 5.58423E+00, 4.48799E+07
 5.88291E+00, 4.49961E+07
 6.18159E+00, 4.49621E+07
 6.48026E+00, 4.49909E+07
 6.77894E+00, 4.49679E+07
 7.07762E+00, 4.50060E+07
 7.37630E+00, 4.50513E+07
 7.67498E+00, 4.49938E+07
 7.97366E+00, 4.49649E+07
 8.27234E+00, 4.49860E+07
 8.57102E+00, 4.50547E+07
 8.86969E+00, 4.50557E+07
 9.16837E+00, 4.50060E+07
 9.46705E+00, 4.49662E+07
 9.76573E+00, 4.49317E+07
 1.00644E+01, 4.49213E+07
 1.03631E+01, 4.49095E+07
 1.06618E+01, 4.49436E+07
 1.09604E+01, 4.49388E+07
 1.12591E+01, 4.48526E+07
 1.15578E+01, 4.48139E+07
 1.18565E+01, 4.47407E+07
 1.21552E+01, 4.46154E+07
 1.24538E+01, 4.46362E+07
 1.27525E+01, 4.46603E+07
 1.30512E+01, 4.46749E+07
 1.33499E+01, 4.47920E+07
 1.36486E+01, 4.47120E+07
 1.39472E+01, 4.46819E+07
 1.42459E+01, 4.46961E+07
 1.45446E+01, 4.45858E+07
 1.48433E+01, 4.46258E+07
 1.51419E+01, 4.46259E+07
 1.54406E+01, 4.47372E+07
 1.57393E+01, 4.48643E+07
 1.60380E+01, 4.49223E+07
 1.63367E+01, 4.49318E+07
 1.66353E+01, 4.47947E+07
 1.69340E+01, 4.47180E+07
 1.72327E+01, 4.46519E+07
 1.75314E+01, 4.45812E+07
 1.78301E+01, 4.46416E+07
 1.81287E+01, 4.46766E+07
 1.84274E+01, 4.47773E+07
 1.87261E+01, 4.49031E+07
 1.90248E+01, 4.48538E+07
 1.93234E+01, 4.48719E+07
 1.96221E+01, 4.48080E+07
 1.99208E+01, 4.47617E+07
 2.02195E+01, 4.46894E+07
 2.05182E+01, 4.45261E+07
 2.08168E+01, 4.44958E+07
 2.11155E+01, 4.45323E+07
 2.14142E+01, 4.45443E+07
 2.17129E+01, 4.44967E+07
 2.20116E+01, 4.45050E+07
 2.23102E+01, 4.46096E+07
 2.26089E+01, 4.46390E+07
 2.29076E+01, 4.46128E+07
 2.32063E+01, 4.47090E+07
 2.35049E+01, 4.47589E+07
 2.38036E+01, 4.45095E+07
 2.41023E+01, 4.43345E+07
 2.44010E+01, 4.45175E+07
 2.46997E+01, 4.46044E+07
 2.49983E+01, 4.45965E+07
 2.52970E+01, 4.46289E+07
 2.55957E+01, 4.46784E+07
 2.58944E+01, 4.46584E+07
 2.61931E+01, 4.45638E+07
 2.64917E+01, 4.47847E+07
 2.67904E+01, 4.49194E+07
 2.70891E+01, 4.47888E+07
 2.73878E+01, 4.47442E+07
 2.76865E+01, 4.47436E+07
 2.79851E+01, 4.46845E+07
 2.82838E+01, 4.47540E+07
 2.85825E+01, 4.46400E+07
 2.88812E+01, 4.45312E+07
 2.91798E+01, 4.45699E+07
 2.94785E+01, 4.44745E+07
 2.97772E+01, 4.43861E+07
 3.00759E+01, 4.45062E+07
 3.03746E+01, 4.46836E+07
 3.06732E+01, 4.45784E+07
 3.09719E+01, 4.45652E+07
 3.12706E+01, 4.46275E+07
 3.15693E+01, 4.44737E+07
 3.18680E+01, 4.45305E+07
 3.21666E+01, 4.45802E+07
 3.24653E+01, 4.46912E+07
 3.27640E+01, 4.47045E+07
 3.30627E+01, 4.46033E+07
 3.33613E+01, 4.47498E+07
 3.36600E+01, 4.47320E+07
 3.39587E+01, 4.47094E+07
 3.42574E+01, 4.46678E+07
 3.45561E+01, 4.47072E+07
 3.48547E+01, 4.47133E+07
 3.51534E+01, 4.45305E+07
 3.54521E+01, 4.44812E+07
 3.57508E+01, 4.46480E+07
 3.60495E+01, 4.46543E+07
 3.63481E+01, 4.46846E+07
 3.66468E+01, 4.46379E+07
 3.69455E+01, 4.47088E+07
 3.72442E+01, 4.46216E+07
 3.75428E+01, 4.46307E+07
 3.78415E+01, 4.46686E+07
 3.81402E+01, 4.46018E+07
 3.84389E+01, 4.45699E+07
 3.87376E+01, 4.46956E+07
 3.90362E+01, 4.47180E+07
 3.93349E+01, 4.48077E+07
 3.96336E+01, 4.49377E+07
 3.99323E+01, 4.46827E+07
 4.02310E+01, 4.45669E+07
 4.05296E+01, 4.46399E+07
 4.08283E+01, 4.47408E+07
 4.11270E+01, 4.47553E+07
 4.14257E+01, 4.48030E+07
 4.17243E+01, 4.50315E+07
 4.20230E+01, 4.50532E+07
 4.23217E+01, 4.50669E+07
 4.26204E+01, 4.50072E+07
 4.29191E+01, 4.48720E+07
 4.32177E+01, 4.47509E+07
 4.35164E+01, 4.47427E+07
 4.38151E+01, 4.48602E+07
 4.41138E+01, 4.47684E+07
 4.44125E+01, 4.46172E+07
 4.47111E+01, 4.46718E+07
 4.50098E+01, 4.47185E+07
 4.53085E+01, 4.48532E+07
 4.56072E+01, 4.48357E+07
 4.59059E+01, 4.45328E+07
 4.62045E+01, 4.45875E+07
 4.65032E+01, 4.47930E+07
 4.68019E+01, 4.48647E+07
 4.71006E+01, 4.49350E+07
 4.73992E+01, 4.48582E+07
 4.76979E+01, 4.47942E+07
 4.79966E+01, 4.47284E+07
 4.82953E+01, 4.48001E+07
 4.85940E+01, 4.49992E+07
 4.88926E+01, 4.49628E+07
 4.91913E+01, 4.49758E+07
 4.94900E+01, 4.49893E+07
 4.97887E+01, 4.49564E+07
 5.00874E+01, 4.49677E+07
 5.03860E+01, 4.50313E+07
 5.06847E+01, 4.50443E+07
 5.09834E+01, 4.48211E+07
 5.12821E+01, 4.48181E+07
 5.15807E+01, 4.49187E+07
 5.18794E+01, 4.47802E+07
 5.21781E+01, 4.47878E+07
 5.24768E+01, 4.50515E+07
 5.27755E+01, 4.50859E+07
 5.30741E+01, 4.48872E+07
 5.33728E+01, 4.49062E+07
 5.36715E+01, 4.50529E+07
 5.39702E+01, 4.49851E+07
 5.42689E+01, 4.48318E+07
 5.45675E+01, 4.47502E+07
 5.48662E+01, 4.47162E+07
 5.51649E+01, 4.48126E+07
 5.54636E+01, 4.47724E+07
 5.57622E+01, 4.48422E+07
 5.60609E+01, 4.49768E+07
 5.63596E+01, 4.49200E+07
 5.66583E+01, 4.49387E+07
 5.69570E+01, 4.50875E+07
 5.72556E+01, 4.51881E+07
 5.75543E+01, 4.52133E+07
 5.78530E+01, 4.51025E+07
 5.81517E+01, 4.48997E+07
 5.84504E+01, 4.50989E+07
 5.87490E+01, 4.52315E+07
 5.90477E+01, 4.53770E+07
 5.93464E+01, 4.53248E+07
 5.96451E+01, 4.51812E+07
 5.99437E+01, 4.49959E+07
 6.02424E+01, 4.51378E+07
 6.05411E+01, 4.49291E+07
 6.08398E+01, 4.49635E+07
 6.11385E+01, 4.51090E+07
 6.14371E+01, 4.50793E+07
 6.17358E+01, 4.51146E+07
 6.20345E+01, 4.50706E+07
 6.23332E+01, 4.50899E+07
 6.26319E+01, 4.54157E+07
 6.29305E+01, 4.53859E+07
 6.32292E+01, 4.53038E+07
 6.35279E+01, 4.54883E+07
 6.38266E+01, 4.54714E+07
 6.41252E+01, 4.54036E+07
 6.44239E+01, 4.54134E+07
 6.47226E+01, 4.53276E+07
 6.50213E+01, 4.54007E+07
 6.53200E+01, 4.53589E+07
 6.56186E+01, 4.53434E+07
 6.59173E+01, 4.54568E+07
 6.62160E+01, 4.54817E+07
 6.65147E+01, 4.56072E+07
 6.68134E+01, 4.54287E+07
 6.71120E+01, 4.53459E+07
 6.74107E+01, 4.53902E+07
 6.77094E+01, 4.51373E+07
 6.80081E+01, 4.51653E+07
 6.83068E+01, 4.51010E+07
 6.86054E+01, 4.52755E+07
 6.89041E+01, 4.51619E+07
 6.92028E+01, 4.52599E+07
 6.95015E+01, 4.53408E+07
 6.98001E+01, 4.55290E+07
 7.00988E+01, 4.54654E+07
 7.03975E+01, 4.54754E+07
 7.06962E+01, 4.57410E+07
 7.09949E+01, 4.56983E+07
 7.12935E+01, 4.55974E+07
 7.15922E+01, 4.57732E+07
 7.18909E+01, 4.55325E+07
 7.21896E+01, 4.53805E+07
 7.24883E+01, 4.54824E+07
 7.27869E+01, 4.54597E+07
 7.30856E+01, 4.54700E+07
 7.33843E+01, 4.56996E+07
 7.36830E+01, 4.58493E+07
 7.39816E+01, 4.56824E+07
 7.42803E+01, 4.55839E+07
 7.45790E+01, 4.55460E+07
 7.48777E+01, 4.53064E+07
 7.51764E+01, 4.52925E+07
 7.54750E+01, 4.53811E+07
 7.57737E+01, 4.57107E+07
 7.60724E+01, 4.58617E+07
 7.63711E+01, 4.58897E+07
 7.66698E+01, 4.60342E+07
 7.69684E+01, 4.58318E+07
 7.72671E+01, 4.56924E+07
 7.75658E+01, 4.56598E+07
 7.78645E+01, 4.57428E+07
 7.81631E+01, 4.57631E+07
 7.84618E+01, 4.58097E+07
 7.87605E+01, 4.59555E+07
 7.90592E+01, 4.55866E+07
 7.93579E+01, 4.55725E+07
 7.96565E+01, 4.56960E+07
 7.99552E+01, 4.60708E+07
 8.02539E+01, 4.62682E+07
 8.05526E+01, 4.61138E+07
 8.08513E+01, 4.60197E+07
 8.11499E+01, 4.62770E+07
 8.14486E+01, 4.60744E+07
 8.17473E+01, 4.62749E+07
 8.20460E+01, 4.60859E+07
 8.23446E+01, 4.59335E+07
 8.26433E+01, 4.60640E+07
 8.29420E+01, 4.60449E+07
 8.32407E+01, 4.59130E+07
 8.35394E+01, 4.58254E+07
 8.38380E+01, 4.61271E+07
 8.41367E+01, 4.61375E+07
 8.44354E+01, 4.60188E+07
 8.47341E+01, 4.62914E+07
 8.50328E+01, 4.63949E+07
 8.53314E+01, 4.64132E+07
 8.56301E+01, 4.62877E+07
 8.59288E+01, 4.62553E+07
 8.62275E+01, 4.60834E+07
 8.65262E+01, 4.59604E+07
 8.68248E+01, 4.59636E+07
 8.71235E+01, 4.61373E+07
 8.74222E+01, 4.61108E+07
 8.77209E+01, 4.59870E+07
 8.80195E+01, 4.59871E+07
 8.83182E+01, 4.59193E+07
 8.86169E+01, 4.55896E+07
 8.89156E+01, 4.60032E+07
 8.92143E+01, 4.61135E+07
 8.95129E+01, 4.60544E+07
 8.98116E+01, 4.62438E+07
 9.01103E+01, 4.60381E+07
 9.04090E+01, 4.64888E+07
 9.07077E+01, 4.62548E+07
 9.10063E+01, 4.61133E+07
 9.13050E+01, 4.62567E+07
 9.16037E+01, 4.62551E+07
 9.19024E+01, 4.62282E+07
 9.22010E+01, 4.62814E+07
 9.24997E+01, 4.61573E+07
 9.27984E+01, 4.62417E+07
 9.30971E+01, 4.61375E+07
 9.33958E+01, 4.60948E+07
 9.36944E+01, 4.62104E+07
 9.39931E+01, 4.62258E+07
 9.42918E+01, 4.63006E+07
 9.45905E+01, 4.62005E+07
 9.48892E+01, 4.62058E+07
 9.51878E+01, 4.62870E+07
 9.54865E+01, 4.62902E+07
 9.57852E+01, 4.64885E+07
 9.60839E+01, 4.62158E+07
 9.63825E+01, 4.64938E+07
 9.66812E+01, 4.66658E+07
 9.69799E+01, 4.66370E+07
 9.72786E+01, 4.66044E+07
 9.75773E+01, 4.65839E+07
 9.78759E+01, 4.66180E+07
 9.81746E+01, 4.65023E+07
 9.84733E+01, 4.65421E+07
 9.87720E+01, 4.65887E+07
 9.90707E+01, 4.59782E+07
 9.93693E+01, 4.61714E+07
 9.96680E+01, 4.62299E+07
 9.99667E+01, 4.64668E+07
 1.00265E+02, 4.63756E+07
 1.00564E+02, 4.64224E+07
 1.00863E+02, 4.63825E+07
 1.01161E+02, 4.63410E+07
 1.01460E+02, 4.64859E+07
 1.01759E+02, 4.67287E+07
 1.02057E+02, 4.64341E+07
 1.02356E+02, 4.65714E+07
 1.02655E+02, 4.63523E+07
 1.02953E+02, 4.61705E+07
 1.03252E+02, 4.62805E+07
 1.03551E+02, 4.63227E+07
 1.03850E+02, 4.60806E+07

-1.02034E+02, 4.14412E+07
-1.01730E+02, 4.15736E+07
-1.01427E+02, 4.14728E+07
-1.01123E+02, 4.14827E+07
-1.00819E+02, 4.15723E+07
-1.00515E+02, 4.13175E+07
-1.00211E+02, 4.12863E+07
-9.99076E+01, 4.15344E+07
-9.96038E+01, 4.14407E+07
-9.93000E+01, 4.13932E+07
-9.89963E+01, 4.17655E+07
-9.86925E+01, 4.13786E+07
-9.83887E+01, 4.14305E+07
-9.80849E+01, 4.15149E+07
-9.77811E+01, 4.13504E+07
-9.74773E+01, 4.15480E+07
-9.71735E+01, 4.14778E+07
-9.68698E+01, 4.14924E+07
-9.65660E+01, 4.13251E+07
-9.62622E+01, 4.12784E+07
-9.59584E+01, 4.14406E+07
-9.56546E+01, 4.12526E+07
-9.53508E+01, 4.13712E+07
-9.50471E+01, 4.17634E+07
-9.47433E+01, 4.15218E+07
-9.44395E+01, 4.12660E+07
-9.41357E+01, 4.11060E+07
-9.38319E+01, 4.13125E+07
-9.35281E+01, 4.13923E+07
-9.32244E+01, 4.14172E+07
-9.29206E+01, 4.14301E+07
-9.26168E+01, 4.13024E+07
-9.23130E+01, 4.11243E+07
-9.20092E+01, 4.11985E+07
-9.17054E+01, 4.11927E+07
-9.14017E+01, 4.10437E+07
-9.10979E+01, 4.11926E+07
-9.07941E+01, 4.14038E+07
-9.04903E+01, 4.15268E+07
-9.01865E+01, 4.15012E+07
-8.98827E+01, 4.15146E+07
-8.95790E+01, 4.11403E+07
-8.92752E+01, 4.11284E+07
-8.89714E+01, 4.14061E+07
-8.86676E+01, 4.13751E+07
-8.83638E+01, 4.14695E+07
-8.80600E+01, 4.10522E+07
-8.77563E+01, 4.10289E+07
-8.74525E+01, 4.12052E+07
-8.71487E+01, 4.13878E+07
-8.68449E+01, 4.13410E+07
-8.65411E+01, 4.16388E+07
-8.62373E+01, 4.13705E+07
-8.59335E+01, 4.13243E+07
-8.56298E+01, 4.13552E+07
-8.53260E+01, 4.13801E+07
-8.50222E+01, 4.10697E+07
-8.47184E+01, 4.11825E+07
-8.44146E+01, 4.13776E+07
-8.41108E+01, 4.15610E+07
-8.38071E+01, 4.10420E+07
-8.35033E+01, 4.11256E+07
-8.31995E+01, 4.14562E+07
-8.28957E+01, 4.12167E+07
-8.25919E+01, 4.11336E+07
-8.22881E+01, 4.13506E+07
-8.19844E+01, 4.12137E+07
-8.16806E+01, 4.11115E+07
-8.13768E+01, 4.12063E+07
-8.10730E+01, 4.10550E+07
-8.07692E+01, 4.12502E+07
-8.04654E+01, 4.12793E+07
-8.01617E+01, 4.13523E+07
-7.98579E+01, 4.11997E+07
-7.95541E+01, 4.12144E+07
-7.92503E+01, 4.11448E+07
-7.89465E+01, 4.10739E+07
-7.86427E+01, 4.13431E+07
-7.83390E+01, 4.12732E+07
-7.80352E+01, 4.13106E+07
-7.77314E+01, 4.11368E+07
-7.74276E+01, 4.10706E+07
-7.71238E+01, 4.10303E+07
-7.68200E+01, 4.10099E+07
-7.65163E+01, 4.10513E+07
-7.62125E+01, 4.12867E+07
-7.59087E+01, 4.12470E+07
-7.56049E+01, 4.10861E+07
-7.53011E+01, 4.11934E+07
-7.49973E+01, 4.10229E+07
-7.46935E+01, 4.12534E+07
-7.43898E+01, 4.13129E+07
-7.40860E+01, 4.12305E+07
-7.37822E+01, 4.12686E+07
-7.34784E+01, 4.11108E+07
-7.31746E+01, 4.08675E+07
-7.28708E+01, 4.09845E+07
-7.25671E+01, 4.09260E+07
-7.22633E+01, 4.09034E+07
-7.19595E+01, 4.11512E+07
-7.16557E+01, 4.12405E+07
-7.13519E+01, 4.10916E+07
-7.10481E+01, 4.11525E+07
-7.07444E+01, 4.10367E+07
-7.04406E+01, 4.09089E+07
-7.01368E+01, 4.09477E+07
-6.98330E+01, 4.11067E+07
-6.95292E+01, 4.11249E+07
-6.92254E+01, 4.12035E+07
-6.89217E+01, 4.08836E+07
-6.86179E+01, 4.08037E+07
-6.83141E+01, 4.07838E+07
-6.80103E+01, 4.10014E+07
-6.77065E+01, 4.13981E+07
-6.74027E+01, 4.12269E+07
-6.70990E+01, 4.05590E+07
-6.67952E+01, 4.05230E+07
-6.64914E+01, 4.05443E+07
-6.61876E+01, 4.06903E+07
-6.58838E+01, 4.06137E+07
-6.55800E+01, 4.08329E+07
-6.52763E+01, 4.09076E+07
-6.49725E+01, 4.06384E+07
-6.46687E+01, 4.09193E+07
-6.43649E+01, 4.12033E+07
-6.40611E+01, 4.06987E+07
-6.37573E+01, 4.06849E+07
-6.34535E+01, 4.07403E+07
-6.31498E+01, 4.05980E+07
-6.28460E+01, 4.05943E+07
-6.25422E+01, 4.04869E+07
-6.22384E+01, 4.03073E+07
-6.19346E+01, 4.01419E+07
-6.16308E+01, 4.00956E+07
-6.13271E+01, 4.02965E+07
-6.10233E+01, 4.06413E+07
-6.07195E+01, 4.04700E+07
-6.04157E+01, 4.02614E+07
-6.01119E+01, 4.01565E+07
-5.98081E+01, 4.02863E+07
-5.95044E+01, 4.01947E+07
-5.92006E+01, 4.00856E+07
-5.88968E+01, 4.02763E+07
-5.85930E+01, 4.01716E+07
-5.82892E+01, 4.00632E+07
-5.79854E+01, 4.01080E+07
-5.76817E+01, 4.00719E+07
-5.73779E+01, 4.01772E+07
-5.70741E+01, 4.01315E+07
-5.67703E+01, 4.03142E+07
-5.64665E+01, 4.04169E+07
-5.61627E+01, 4.01407E+07
-5.58590E+01, 4.03870E+07
-5.55552E+01, 4.03245E+07
-5.52514E+01, 4.01608E+07
-5.49476E+01, 4.00850E+07
-5.46438E+01, 4.01381E+07
-5.43400E+01, 4.03311E+07
-5.40363E+01, 4.05366E+07
-5.37325E+01, 4.02642E+07
-5.34287E+01, 4.02618E+07
-5.31249E+01, 3.99829E+07
-5.28211E+01, 3.99249E+07
-5.25173E+01, 4.02106E+07
-5.22135E+01, 4.04574E+07
-5.19098E+01, 4.00375E+07
-5.16060E+01, 3.99272E+07
-5.13022E+01, 3.99792E+07
-5.09984E+01, 3.99692E+07
-5.06946E+01, 3.99055E+07
-5.03908E+01, 4.01772E+07
-5.00871E+01, 4.02035E+07
-4.97833E+01, 4.01537E+07
-4.94795E+01, 4.00488E+07
-4.91757E+01, 4.00900E+07
-4.88719E+01, 4.01138E+07
-4.85681E+01, 4.00303E+07
-4.82644E+01, 3.98056E+07
-4.79606E+01, 3.99956E+07
-4.76568E+01, 3.99568E+07
-4.73530E+01, 3.97932E+07
-4.70492E+01, 3.96439E+07
-4.67454E+01, 3.96474E+07
-4.64417E+01, 3.98046E+07
-4.61379E+01, 3.99007E+07
-4.58341E+01, 4.00122E+07
-4.55303E+01, 3.99931E+07
-4.52265E+01, 4.00545E+07
-4.49227E+01, 4.00747E+07
-4.46190E+01, 4.02183E+07
-4.43152E+01, 3.98800E+07
-4.40114E+01, 3.94803E+07
-4.37076E+01, 3.93653E+07
-4.34038E+01, 3.95594E+07
-4.31000E+01, 3.99275E+07
-4.27963E+01, 3.98472E+07
-4.24925E+01, 4.00157E+07
-4.21887E+01, 4.00566E+07
-4.18849E+01, 3.97514E+07
-4.15811E+01, 3.99346E+07
-4.12773E+01, 3.99048E+07
-4.09735E+01, 3.97393E+07
-4.06698E+01, 3.98161E+07
-4.03660E+01, 3.95977E+07
-4.00622E+01, 3.96046E+07
-3.97584E+01, 3.97085E+07
-3.94546E+01, 3.97144E+07
-3.91508E+01, 3.95971E+07
-3.88471E+01, 3.96687E+07
-3.85433E+01, 4.00371E+07
-3.82395E+01, 3.99707E+07
-3.79357E+01, 3.98592E+07
-3.76319E+01, 3.99113E+07
-3.73281E+01, 3.96061E+07
-3.70244E+01, 3.97086E+07
-3.67206E+01, 3.95580E+07
-3.64168E+01, 3.94566E+07
-3.61130E+01, 3.96397E+07
-3.58092E+01, 3.96228E+07
-3.55054E+01, 3.96229E+07
-3.52017E+01, 3.98054E+07
-3.48979E+01, 3.96748E+07
-3.45941E+01, 3.96622E+07
-3.42903E+01, 3.98706E+07
-3.39865E+01, 3.97551E+07
-3.36827E+01, 3.95881E+07
-3.33790E+01, 3.95121E+07
-3.30752E+01, 3.94106E+07
-3.27714E+01, 3.94923E+07
-3.24676E+01, 3.95106E+07
-3.21638E+01, 3.93207E+07
-3.18600E+01, 3.95633E+07
-3.15563E+01, 3.95266E+07
-3.12525E+01, 3.94582E+07
-3.09487E+01, 3.97915E+07
-3.06449E+01, 3.97757E+07
-3.03411E+01, 3.93037E+07
-3.00373E+01, 3.94587E+07
-2.97335E+01, 3.96022E+07
-2.94298E+01, 3.94967E+07
-2.91260E+01, 3.95044E+07
-2.88222E+01, 3.94509E+07
-2.85184E+01, 3.92243E+07
-2.82146E+01, 3.94129E+07
-2.79108E+01, 3.93442E+07
-2.76071E+01, 3.92293E+07
-2.73033E+01, 3.93200E+07
-2.69995E+01, 3.91444E+07
-2.66957E+01, 3.92870E+07
-2.63919E+01, 3.94154E+07
-2.60881E+01, 3.92164E+07
-2.57844E+01, 3.94331E+07
-2.54806E+01, 3.95429E+07
-2.51768E+01, 3.93244E+07
-2.48730E+01, 3.92682E+07
-2.45692E+01, 3.91555E+07
-2.42654E+01, 3.91934E+07
-2.39617E+01, 3.91509E+07
-2.36579E+01, 3.94021E+07
-2.33541E+01, 3.94429E+07
-2.30503E+01, 3.91863E+07
-2.27465E+01, 3.92019E+07
-2.24427E+01, 3.92114E+07
-2.21390E+01, 3.94357E+07
-2.18352E+01, 3.94155E+07
-2.15314E+01, 3.92331E+07
-2.12276E+01, 3.92659E+07
-2.09238E+01, 3.92360E+07
-2.06200E+01, 3.91831E+07
-2.03163E+01, 3.91336E+07
-2.00125E+01, 3.90086E+07
-1.97087E+01, 3.89942E+07
-1.94049E+01, 3.89554E+07
-1.91011E+01, 3.91623E+07
-1.87973E+01, 3.93838E+07
-1.84935E+01, 3.93082E+07
-1.81898E+01, 3.91306E+07
-1.78860E+01, 3.90613E+07
-1.75822E+01, 3.92044E+07
-1.72784E+01, 3.91420E+07
-1.69746E+01, 3.90992E+07
-1.66708E+01, 3.91811E+07
-1.63671E+01, 3.91165E+07
-1.60633E+01, 3.89895E+07
-1.57595E+01, 3.88692E+07
-1.54557E+01, 3.89284E+07
-1.51519E+01, 3.91615E+07
-1.48481E+01, 3.90010E+07
-1.45444E+01, 3.91527E+07
-1.42406E+01, 3.94692E+07
-1.39368E+01, 3.91350E+07
-1.36330E+01, 3.89101E+07
-1.33292E+01, 3.89684E+07
-1.30254E+01, 3.89709E+07
-1.27217E+01, 3.91296E+07
-1.24179E+01, 3.92828E+07
-1.21141E+01, 3.91320E+07
-1.18103E+01, 3.91437E+07
-1.15065E+01, 3.89590E+07
-1.12027E+01, 3.90498E+07
-1.08990E+01, 3.93280E+07
-1.05952E+01, 3.91393E+07
-1.02914E+01, 3.88886E+07
-9.98760E+00, 3.90867E+07
-9.68382E+00, 3.90756E+07
-9.38004E+00, 3.90443E+07
-9.07625E+00, 3.88232E+07
-8.77247E+00, 3.88135E+07
-8.46868E+00, 3.86741E+07
-8.16490E+00, 3.87482E+07
-7.86112E+00, 3.90289E+07
-7.55733E+00, 3.89822E+07
-7.25355E+00, 3.88196E+07
-6.94977E+00, 3.88411E+07
-6.64598E+00, 3.85627E+07
-6.34220E+00, 3.86500E+07
-6.03841E+00, 3.86822E+07
-5.73463E+00, 3.86515E+07
-5.43085E+00, 3.87733E+07
-5.12706E+00, 3.87054E+07
-4.82328E+00, 3.87459E+07
-4.51949E+00, 3.85135E+07
-4.21571E+00, 3.85796E+07
-3.91193E+00, 3.88558E+07
-3.60814E+00, 3.87395E+07
-3.30436E+00, 3.87639E+07
-3.00058E+00, 3.85724E+07
-2.69679E+00, 3.86210E+07
-2.39301E+00, 3.87366E+07
-2.08922E+00, 3.86738E+07
-1.78544E+00, 3.88057E+07
-1.48166E+00, 3.87474E+07
-1.17787E+00, 3.84325E+07
-8.74089E-01, 3.85226E+07
-5.70306E-01, 3.86258E+07
-2.66522E-01, 3.88831E+07
 3.72619E-02, 3.86375E+07
 3.41046E-01, 3.84290E+07
 6.44829E-01, 3.84812E+07
 9.48613E-01, 3.86731E+07
 1.25240E+00, 3.86019E+07
 1.55618E+00, 3.85389E+07
 1.85996E+00, 3.84381E+07
 2.16375E+00, 3.84485E+07
 2.46753E+00, 3.83870E+07
 2.77132E+00, 3.84197E+07
 3.07510E+00, 3.86631E+07
 3.37888E+00, 3.86265E+07
 3.68267E+00, 3.83892E+07
 3.98645E+00, 3.84346E+07
 4.29023E+00, 3.85400E+07
 4.59402E+00, 3.83905E+07
 4.89780E+00, 3.86637E+07
 5.20159E+00, 3.87112E+07
 5.50537E+00, 3.87930E+07
 5.80915E+00, 3.87828E+07
 6.11294E+00, 3.84616E+07
 6.41672E+00, 3.84728E+07
 6.72051E+00, 3.83777E+07
 7.02429E+00, 3.84699E+07
 7.32807E+00, 3.84604E+07
 7.63186E+00, 3.86240E+07
 7.93564E+00, 3.85532E+07
 8.23942E+00, 3.84587E+07
 8.54321E+00, 3.83141E+07
 8.84699E+00, 3.83845E+07
 9.15078E+00, 3.84114E+07
 9.45456E+00, 3.84028E+07
 9.75834E+00, 3.84592E+07
 1.00621E+01, 3.84613E+07
 1.03659E+01, 3.84154E+07
 1.06697E+01, 3.83073E+07
 1.09735E+01, 3.80725E+07
 1.12773E+01, 3.81832E+07
 1.15810E+01, 3.82903E+07
 1.18848E+01, 3.83298E+07
 1.21886E+01, 3.85083E+07
 1.24924E+01, 3.81565E+07
 1.27962E+01, 3.82873E+07
 1.31000E+01, 3.82767E+07
 1.34037E+01, 3.80304E+07
 1.37075E+01, 3.79487E+07
 1.40113E+01, 3.81008E+07
 1.43151E+01, 3.81874E+07
 1.46189E+01, 3.82234E+07
 1.49227E+01, 3.84446E+07
 1.52265E+01, 3.82668E+07
 1.55302E+01, 3.81000E+07
 1.58340E+01, 3.80928E+07
 1.61378E+01, 3.81059E+07
 1.64416E+01, 3.81876E+07
 1.67454E+01, 3.82779E+07
 1.70492E+01, 3.84310E+07
 1.73529E+01, 3.82549E+07
 1.76567E+01, 3.79910E+07
 1.79605E+01, 3.80269E+07
 1.82643E+01, 3.80493E+07
 1.85681E+01, 3.82345E+07
 1.88719E+01, 3.81505E+07
 1.91756E+01, 3.81655E+07
 1.94794E+01, 3.82571E+07
 1.97832E+01, 3.81932E+07
 2.00870E+01, 3.83577E+07
 2.03908E+01, 3.81751E+07
 2.06946E+01, 3.80797E+07
 2.09983E+01, 3.81539E+07
 2.13021E+01, 3.80574E+07
 2.16059E+01, 3.80006E+07
 2.19097E+01, 3.80194E+07
 2.22135E+01, 3.79438E+07
 2.25173E+01, 3.77541E+07
 2.28210E+01, 3.78950E+07
 2.31248E+01, 3.80723E+07
 2.34286E+01, 3.82101E+07
 2.37324E+01, 3.83089E+07
 2.40362E+01, 3.81876E+07
 2.43400E+01, 3.81029E+07
 2.46437E+01, 3.81628E+07
 2.49475E+01, 3.76859E+07
 2.52513E+01, 3.78841E+07
 2.55551E+01, 3.79955E+07
 2.58589E+01, 3.78920E+07
 2.61627E+01, 3.79096E+07
 2.64665E+01, 3.78709E+07
 2.67702E+01, 3.79276E+07
 2.70740E+01, 3.79476E+07
 2.73778E+01, 3.81706E+07
 2.76816E+01, 3.83024E+07
 2.79854E+01, 3.82988E+07
 2.82892E+01, 3.80243E+07
 2.85929E+01, 3.77702E+07
 2.88967E+01, 3.78842E+07
 2.92005E+01, 3.79566E+07
 2.95043E+01, 3.77168E+07
 2.98081E+01, 3.77001E+07
 3.01119E+01, 3.77724E+07
 3.04156E+01, 3.78939E+07
 3.07194E+01, 3.79105E+07
 3.10232E+01, 3.77978E+07
 3.13270E+01, 3.77532E+07
 3.16308E+01, 3.79841E+07
 3.19346E+01, 3.80711E+07
 3.22383E+01, 3.77957E+07
 3.25421E+01, 3.78904E+07
 3.28459E+01, 3.79386E+07
 3.31497E+01, 3.78668E+07
 3.34535E+01, 3.78538E+07
 3.37573E+01, 3.80364E+07
 3.40610E+01, 3.79931E+07
 3.43648E+01, 3.78523E+07
 3.46686E+01, 3.79099E+07
 3.49724E+01, 3.79193E+07
 3.52762E+01, 3.80610E+07
 3.55800E+01, 3.80078E+07
 3.58837E+01, 3.78481E+07
 3.61875E+01, 3.76911E+07
 3.64913E+01, 3.77591E+07
 3.67951E+01, 3.77651E+07
 3.70989E+01, 3.79296E+07
 3.74027E+01, 3.80242E+07
 3.77065E+01, 3.78116E+07
 3.80102E+01, 3.75815E+07
 3.83140E+01, 3.76867E+07
 3.86178E+01, 3.79272E+07
 3.89216E+01, 3.78381E+07
 3.92254E+01, 3.77476E+07
 3.95292E+01, 3.75423E+07
 3.98329E+01, 3.76690E+07
 4.01367E+01, 3.77442E+07
 4.04405E+01, 3.75401E+07
 4.07443E+01, 3.75050E+07
 4.10481E+01, 3.76100E+07
 4.13519E+01, 3.75065E+07
 4.16556E+01, 3.76000E+07
 4.19594E+01, 3.76248E+07
 4.22632E+01, 3.77771E+07
 4.25670E+01, 3.76989E+07
 4.28708E+01, 3.75203E+07
 4.31746E+01, 3.76314E+07
 4.34783E+01, 3.76012E+07
 4.37821E+01, 3.76333E+07
 4.40859E+01, 3.77072E+07
 4.43897E+01, 3.77313E+07
 4.46935E+01, 3.78395E+07
 4.49973E+01, 3.74110E+07
 4.53010E+01, 3.74412E+07
 4.56048E+01, 3.75443E+07
 4.59086E+01, 3.76457E+07
 4.62124E+01, 3.75607E+07
 4.65162E+01, 3.74587E+07
 4.68200E+01, 3.76671E+07
 4.71237E+01, 3.74952E+07
 4.74275E+01, 3.74044E+07
 4.77313E+01, 3.74910E+07
 4.80351E+01, 3.72904E+07
 4.83389E+01, 3.73061E+07
 4.86427E+01, 3.73861E+07
 4.89465E+01, 3.74044E+07
 4.92502E+01, 3.74605E+07
 4.95540E+01, 3.74308E+07
 4.98578E+01, 3.76378E+07
 5.01616E+01, 3.72885E+07
 5.04654E+01, 3.74184E+07
 5.07692E+01, 3.73186E+07
 5.10729E+01, 3.73230E+07
 5.13767E+01, 3.76432E+07
 5.16805E+01, 3.76481E+07
 5.19843E+01, 3.73278E+07
 5.22881E+01, 3.73044E+07
 5.25919E+01, 3.72672E+07
 5.28956E+01, 3.73326E+07
 5.31994E+01, 3.73358E+07
 5.35032E+01, 3.72494E+07
 5.38070E+01, 3.74807E+07
 5.41108E+01, 3.74374E+07
 5.44146E+01, 3.71688E+07
 5.47183E+01, 3.74026E+07
 5.50221E+01, 3.71801E+07
 5.53259E+01, 3.73629E+07
 5.56297E+01, 3.72563E+07
 5.59335E+01, 3.73410E+07
 5.62373E+01, 3.76656E+07
 5.65410E+01, 3.72058E+07
 5.68448E+01, 3.70040E+07
 5.71486E+01, 3.70665E+07
 5.74524E+01, 3.72046E+07
 5.77562E+01, 3.74190E+07
 5.80600E+01, 3.73838E+07
 5.83637E+01, 3.72575E+07
 5.86675E+01, 3.71566E+07
 5.89713E+01, 3.70664E+07
 5.92751E+01, 3.70817E+07
 5.95789E+01, 3.69936E+07
 5.98827E+01, 3.70506E+07
 6.01865E+01, 3.71493E+07
 6.04902E+01, 3.70853E+07
 6.07940E+01, 3.72414E+07
 6.10978E+01, 3.70474E+07
 6.14016E+01, 3.68542E+07
 6.17054E+01, 3.68468E+07
 6.20092E+01, 3.72027E+07
 6.23129E+01, 3.69178E+07
 6.26167E+01, 3.72286E+07
 6.29205E+01, 3.74209E+07
 6.32243E+01, 3.71651E+07
 6.35281E+01, 3.69988E+07
 6.38319E+01, 3.67491E+07
 6.41356E+01, 3.67899E+07
 6.44394E+01, 3.68964E+07
 6.47432E+01, 3.70783E+07
 6.50470E+01, 3.71156E+07
 6.53508E+01, 3.70282E+07
 6.56546E+01, 3.71695E+07
 6.59583E+01, 3.71194E+07
 6.62621E+01, 3.71444E+07
 6.65659E+01, 3.71547E+07
 6.68697E+01, 3.70041E+07
 6.71735E+01, 3.70388E+07
 6.74773E+01, 3.71811E+07
 6.77810E+01, 3.70160E+07
 6.80848E+01, 3.69291E+07
 6.83886E+01, 3.67566E+07
 6.86924E+01, 3.68559E+07
 6.89962E+01, 3.68539E+07
 6.93000E+01, 3.68746E+07
 6.96037E+01, 3.69512E+07
 6.99075E+01, 3.71554E+07
 7.02113E+01, 3.72777E+07
 7.05151E+01, 3.69068E+07
 7.08189E+01, 3.68445E+07
 7.11227E+01, 3.67279E+07
 7.14265E+01, 3.67945E+07
 7.17302E+01, 3.68284E+07
 7.20340E+01, 3.67387E+07
 7.23378E+01, 3.69849E+07
 7.26416E+01, 3.68280E+07
 7.29454E+01, 3.66853E+07
 7.32492E+01, 3.68372E+07
 7.35529E+01, 3.69243E+07
 7.38567E+01, 3.68864E+07
 7.41605E+01, 3.68319E+07
 7.44643E+01, 3.68135E+07
 7.47681E+01, 3.66628E+07
 7.50719E+01, 3.67447E+07
 7.53756E+01, 3.65781E+07
 7.56794E+01, 3.66178E+07
 7.59832E+01, 3.66047E+07
 7.62870E+01, 3.67844E+07
 7.65908E+01, 3.68757E+07
 7.68946E+01, 3.67396E+07
 7.71983E+01, 3.67848E+07
 7.75021E+01, 3.68214E+07
 7.78059E+01, 3.67171E+07
 7.81097E+01, 3.68354E+07
 7.84135E+01, 3.65676E+07
 7.87173E+01, 3.66303E+07
 7.90210E+01, 3.68096E+07
 7.93248E+01, 3.66426E+07
 7.96286E+01, 3.65200E+07
 7.99324E+01, 3.66317E+07
 8.02362E+01, 3.66027E+07
 8.05400E+01, 3.64620E+07
 8.08437E+01, 3.65758E+07
 8.11475E+01, 3.65246E+07
 8.14513E+01, 3.66211E+07
 8.17551E+01, 3.68018E+07
 8.20589E+01, 3.64563E+07
 8.23627E+01, 3.64985E+07
 8.26665E+01, 3.67335E+07
 8.29702E+01, 3.67667E+07
 8.32740E+01, 3.66083E+07
 8.35778E+01, 3.67587E+07
 8.38816E+01, 3.67660E+07
 8.41854E+01, 3.65055E+07
 8.44892E+01, 3.64724E+07
 8.47929E+01, 3.63852E+07
 8.50967E+01, 3.65513E+07
 8.54005E+01, 3.63908E+07
 8.57043E+01, 3.64514E+07
 8.60081E+01, 3.65198E+07
 8.63119E+01, 3.64878E+07
 8.66156E+01, 3.67346E+07
 8.69194E+01, 3.66639E+07
 8.72232E+01, 3.64522E+07
 8.75270E+01, 3.65246E+07
 8.78308E+01, 3.64491E+07
 8.81346E+01, 3.65647E+07
 8.84383E+01, 3.64208E+07
 8.87421E+01, 3.65817E+07
 8.90459E+01, 3.63444E+07
 8.93497E+01, 3.63991E+07
 8.96535E+01, 3.62897E+07
 8.99573E+01, 3.64008E+07
 9.02610E+01, 3.63398E+07
 9.05648E+01, 3.66188E+07
 9.08686E+01, 3.64848E+07
 9.11724E+01, 3.64382E+07
 9.14762E+01, 3.63251E+07
 9.17800E+01, 3.64389E+07
 9.20837E+01, 3.61685E+07
 9.23875E+01, 3.64534E+07
 9.26913E+01, 3.63808E+07
 9.29951E+01, 3.64641E+07
 9.32989E+01, 3.64218E+07
 9.36027E+01, 3.64388E+07
 9.39065E+01, 3.66583E+07
 9.42102E+01, 3.65370E+07
 9.45140E+01, 3.63927E+07
 9.48178E+01, 3.62640E+07
 9.51216E+01, 3.62250E+07
 9.54254E+01, 3.62958E+07
 9.57292E+01, 3.65540E+07
 9.60329E+01, 3.65153E+07
 9.63367E+01, 3.64794E+07
 9.66405E+01, 3.63193E+07
 9.69443E+01, 3.63617E+07
 9.72481E+01, 3.64639E+07
 9.75519E+01, 3.67414E+07
 9.78556E+01, 3.65639E+07
 9.81594E+01, 3.68372E+07
 9.84632E+01, 3.64799E+07
 9.87670E+01, 3.65944E+07
 9.90708E+01, 3.64480E+07
 9.93746E+01, 3.66028E+07
 9.96783E+01, 3.65140E+07
 9.99821E+01, 3.66643E+07
 1.00286E+02, 3.65562E+07

-1.01789E+02, 3.68824E+07
-1.01486E+02, 3.69521E+07
-1.01183E+02, 3.71712E+07
-1.00881E+02, 3.70945E+07
-1.00578E+02, 3.69761E+07
-1.00275E+02, 3.69258E+07
-9.99728E+01, 3.69748E+07
-9.96702E+01, 3.72210E+07
-9.93675E+01, 3.72540E+07
-9.90649E+01, 3.69401E+07
-9.87623E+01, 3.74694E+07
-9.84597E+01, 3.70440E+07
-9.81570E+01, 3.73038E+07
-9.78544E+01, 3.68728E+07
-9.75518E+01, 3.70835E+07
-9.72492E+01, 3.67905E+07
-9.69465E+01, 3.69866E+07
-9.66439E+01, 3.71256E+07
-9.63413E+01, 3.71057E+07
-9.60386E+01, 3.69920E+07
-9.57360E+01, 3.68239E+07
-9.54334E+01, 3.69231E+07
-9.51308E+01, 3.69312E+07
-9.48281E+01, 3.69432E+07
-9.45255E+01, 3.70357E+07
-9.42229E+01, 3.69490E+07
-9.39202E+01, 3.69050E+07
-9.36176E+01, 3.68221E+07
-9.33150E+01, 3.68207E+07
-9.30124E+01, 3.68936E+07
-9.27097E+01, 3.68412E+07
-9.24071E+01, 3.67781E+07
-9.21045E+01, 3.67700E+07
-9.18019E+01, 3.67874E+07
-9.14992E+01, 3.68681E+07
-9.11966E+01, 3.68494E+07
-9.08940E+01, 3.70326E+07
-9.05913E+01, 3.67838E+07
-9.02887E+01, 3.71188E+07
-8.99861E+01, 3.69737E+07
-8.96835E+01, 3.69534E+07
-8.93808E+01, 3.71859E+07
-8.90782E+01, 3.69089E+07
-8.87756E+01, 3.69532E+07
-8.84730E+01, 3.69538E+07
-8.81703E+01, 3.68923E+07
-8.78677E+01, 3.68201E+07
-8.75651E+01, 3.69638E+07
-8.72624E+01, 3.68318E+07
-8.69598E+01, 3.69559E+07
-8.66572E+01, 3.68698E+07
-8.63546E+01, 3.72923E+07
-8.60519E+01, 3.70810E+07
-8.57493E+01, 3.74268E+07
-8.54467E+01, 3.69235E+07
-8.51440E+01, 3.70527E+07
-8.48414E+01, 3.68280E+07
-8.45388E+01, 3.66042E+07
-8.42362E+01, 3.69245E+07
-8.39335E+01, 3.70255E+07
-8.36309E+01, 3.71106E+07
-8.33283E+01, 3.66982E+07
-8.30257E+01, 3.66230E+07
-8.27230E+01, 3.66708E+07
-8.24204E+01, 3.65954E+07
-8.21178E+01, 3.66472E+07
-8.18151E+01, 3.68981E+07
-8.15125E+01, 3.71176E+07
-8.12099E+01, 3.68482E+07
-8.09073E+01, 3.69464E+07
-8.06046E+01, 3.68573E+07
-8.03020E+01, 3.71740E+07
-7.99994E+01, 3.66908E+07
-7.96968E+01, 3.67273E+07
-7.93941E+01, 3.67661E+07
-7.90915E+01, 3.67867E+07
-7.87889E+01, 3.67250E+07
-7.84862E+01, 3.67999E+07
-7.81836E+01, 3.67133E+07
-7.78810E+01, 3.67552E+07
-7.75784E+01, 3.66203E+07
-7.72757E+01, 3.69587E+07
-7.69731E+01, 3.74644E+07
-7.66705E+01, 3.71788E+07
-7.63678E+01, 3.69484E+07
-7.60652E+01, 3.68164E+07
-7.57626E+01, 3.67557E+07
-7.54600E+01, 3.66465E+07
-7.51573E+01, 3.69887E+07
-7.48547E+01, 3.69296E+07
-7.45521E+01, 3.68404E+07
-7.42495E+01, 3.69270E+07
-7.39468E+01, 3.66083E+07
-7.36442E+01, 3.65653E+07
-7.33416E+01, 3.68248E+07
-7.30389E+01, 3.67607E+07
-7.27363E+01, 3.67203E+07
-7.24337E+01, 3.68824E+07
-7.21311E+01, 3.68522E+07
-7.18284E+01, 3.69094E+07
-7.15258E+01, 3.64654E+07
-7.12232E+01, 3.65418E+07
-7.09205E+01, 3.65003E+07
-7.06179E+01, 3.66148E+07
-7.03153E+01, 3.65609E+07
-7.00127E+01, 3.65195E+07
-6.97100E+01, 3.67618E+07
-6.94074E+01, 3.67200E+07
-6.91048E+01, 3.65750E+07
-6.88022E+01, 3.65705E+07
-6.84995E+01, 3.65317E+07
-6.81969E+01, 3.64398E+07
-6.78943E+01, 3.65808E+07
-6.75916E+01, 3.67232E+07
-6.72890E+01, 3.67731E+07
-6.69864E+01, 3.65844E+07
-6.66838E+01, 3.66635E+07
-6.63811E+01, 3.67128E+07
-6.60785E+01, 3.65836E+07
-6.57759E+01, 3.66833E+07
-6.54733E+01, 3.64241E+07
-6.51706E+01, 3.65663E+07
-6.48680E+01, 3.65410E+07
-6.45654E+01, 3.64535E+07
-6.42627E+01, 3.64668E+07
-6.39601E+01, 3.67286E+07
-6.36575E+01, 3.67334E+07
-6.33549E+01, 3.65248E+07
-6.30522E+01, 3.67724E+07
-6.27496E+01, 3.67698E+07
-6.24470E+01, 3.65743E+07
-6.21443E+01, 3.66740E+07
-6.18417E+01, 3.66047E+07
-6.15391E+01, 3.68032E+07
-6.12365E+01, 3.68770E+07
-6.09338E+01, 3.67323E+07
-6.06312E+01, 3.65629E+07
-6.03286E+01, 3.67936E+07
-6.00260E+01, 3.66367E+07
-5.97233E+01, 3.67754E+07
-5.94207E+01, 3.67561E+07
-5.91181E+01, 3.69032E+07
-5.88154E+01, 3.65263E+07
-5.85128E+01, 3.67854E+07
-5.82102E+01, 3.66407E+07
-5.79076E+01, 3.66072E+07
-5.76049E+01, 3.67574E+07
-5.73023E+01, 3.65927E+07
-5.69997E+01, 3.66750E+07
-5.66971E+01, 3.67442E+07
-5.63944E+01, 3.69369E+07
-5.60918E+01, 3.66726E+07
-5.57892E+01, 3.65255E+07
-5.54865E+01, 3.65178E+07
-5.51839E+01, 3.67491E+07
-5.48813E+01, 3.66217E+07
-5.45787E+01, 3.68136E+07
-5.42760E+01, 3.66511E+07
-5.39734E+01, 3.68677E+07
-5.36708E+01, 3.65656E+07
-5.33681E+01, 3.66710E+07
-5.30655E+01, 3.65764E+07
-5.27629E+01, 3.67527E+07
-5.24603E+01, 3.65359E+07
-5.21576E+01, 3.64464E+07
-5.18550E+01, 3.64888E+07
-5.15524E+01, 3.64499E+07
-5.12498E+01, 3.65270E+07
-5.09471E+01, 3.64454E+07
-5.06445E+01, 3.65418E+07
-5.03419E+01, 3.65868E+07
-5.00392E+01, 3.66210E+07
-4.97366E+01, 3.66634E+07
-4.94340E+01, 3.67055E+07
-4.91314E+01, 3.66527E+07
-4.88287E+01, 3.66457E+07
-4.85261E+01, 3.67921E+07
-4.82235E+01, 3.65037E+07
-4.79209E+01, 3.65611E+07
-4.76182E+01, 3.64104E+07
-4.73156E+01, 3.62764E+07
-4.70130E+01, 3.65018E+07
-4.67103E+01, 3.64870E+07
-4.64077E+01, 3.65439E+07
-4.61051E+01, 3.67090E+07
-4.58025E+01, 3.64060E+07
-4.54998E+01, 3.63456E+07
-4.51972E+01, 3.66386E+07
-4.48946E+01, 3.66868E+07
-4.45919E+01, 3.67458E+07
-4.42893E+01, 3.66442E+07
-4.39867E+01, 3.66080E+07
-4.36841E+01, 3.65685E+07
-4.33814E+01, 3.66798E+07
-4.30788E+01, 3.66285E+07
-4.27762E+01, 3.66016E+07
-4.24736E+01, 3.65207E+07
-4.21709E+01, 3.65650E+07
-4.18683E+01, 3.64371E+07
-4.15657E+01, 3.63729E+07
-4.12630E+01, 3.65999E+07
-4.09604E+01, 3.65290E+07
-4.06578E+01, 3.64792E+07
-4.03552E+01, 3.65686E+07
-4.00525E+01, 3.64927E+07
-3.97499E+01, 3.64963E+07
-3.94473E+01, 3.65953E+07
-3.91446E+01, 3.65493E+07
-3.88420E+01, 3.65074E+07
-3.85394E+01, 3.66346E+07
-3.82368E+01, 3.66282E+07
-3.79341E+01, 3.65513E+07
-3.76315E+01, 3.65076E+07
-3.73289E+01, 3.65488E+07
-3.70263E+01, 3.66762E+07
-3.67236E+01, 3.65752E+07
-3.64210E+01, 3.65757E+07
-3.61184E+01, 3.66973E+07
-3.58157E+01, 3.65889E+07
-3.55131E+01, 3.66599E+07
-3.52105E+01, 3.65328E+07
-3.49079E+01, 3.64739E+07
-3.46052E+01, 3.65621E+07
-3.43026E+01, 3.67225E+07
-3.40000E+01, 3.67961E+07
-3.36974E+01, 3.67811E+07
-3.33947E+01, 3.66349E+07
-3.30921E+01, 3.65695E+07
-3.27895E+01, 3.65108E+07
-3.24868E+01, 3.65735E+07
-3.21842E+01, 3.66139E+07
-3.18816E+01, 3.68484E+07
-3.15790E+01, 3.64786E+07
-3.12763E+01, 3.65391E+07
-3.09737E+01, 3.65972E+07
-3.06711E+01, 3.62963E+07
-3.03684E+01, 3.68645E+07
-3.00658E+01, 3.66864E+07
-2.97632E+01, 3.66472E+07
-2.94606E+01, 3.64359E+07
-2.91579E+01, 3.66209E+07
-2.88553E+01, 3.65715E+07
-2.85527E+01, 3.65017E+07
-2.82501E+01, 3.65869E+07
-2.79474E+01, 3.65226E+07
-2.76448E+01, 3.65182E+07
-2.73422E+01, 3.66317E+07
-2.70395E+01, 3.66489E+07
-2.67369E+01, 3.66130E+07
-2.64343E+01, 3.66351E+07
-2.61317E+01, 3.66083E+07
-2.58290E+01, 3.68473E+07
-2.55264E+01, 3.67992E+07
-2.52238E+01, 3.69339E+07
-2.49212E+01, 3.66107E+07
-2.46185E+01, 3.65764E+07
-2.43159E+01, 3.66666E+07
-2.40133E+01, 3.64741E+07
-2.37106E+01, 3.67028E+07
-2.34080E+01, 3.66246E+07
-2.31054E+01, 3.68269E+07
-2.28028E+01, 3.68586E+07
-2.25001E+01, 3.66139E+07
-2.21975E+01, 3.66307E+07
-2.18949E+01, 3.64941E+07
-2.15922E+01, 3.63328E+07
-2.12896E+01, 3.66057E+07
-2.09870E+01, 3.66544E+07
-2.06844E+01, 3.67979E+07
-2.03817E+01, 3.66918E+07
-2.00791E+01, 3.64855E+07
-1.97765E+01, 3.63762E+07
-1.94739E+01, 3.64365E+07
-1.91712E+01, 3.65984E+07
-1.88686E+01, 3.65723E+07
-1.85660E+01, 3.67202E+07
-1.82633E+01, 3.66594E+07
-1.79607E+01, 3.64416E+07
-1.76581E+01, 3.65136E+07
-1.73555E+01, 3.64926E+07
-1.70528E+01, 3.64803E+07
-1.67502E+01, 3.65644E+07
-1.64476E+01, 3.63549E+07
-1.61449E+01, 3.64741E+07
-1.58423E+01, 3.64732E+07
-1.55397E+01, 3.63580E+07
-1.52371E+01, 3.65181E+07
-1.49344E+01, 3.64777E+07
-1.46318E+01, 3.65967E+07
-1.43292E+01, 3.64922E+07
-1.40266E+01, 3.65360E+07
-1.37239E+01, 3.67991E+07
-1.34213E+01, 3.65361E+07
-1.31187E+01, 3.61851E+07
-1.28160E+01, 3.63603E+07
-1.25134E+01, 3.63912E+07
-1.22108E+01, 3.65133E+07
-1.19082E+01, 3.65071E+07
-1.16055E+01, 3.66076E+07
-1.13029E+01, 3.66208E+07
-1.10003E+01, 3.66546E+07
-1.06977E+01, 3.65888E+07
-1.03950E+01, 3.67938E+07
-1.00924E+01, 3.66211E+07
-9.78977E+00, 3.67454E+07
-9.48714E+00, 3.66303E+07
-9.18451E+00, 3.66748E+07
-8.88189E+00, 3.67875E+07
-8.57926E+00, 3.66890E+07
-8.27663E+00, 3.65844E+07
-7.97400E+00, 3.65734E+07
-7.67138E+00, 3.66932E+07
-7.36875E+00, 3.66755E+07
-7.06612E+00, 3.66449E+07
-6.76349E+00, 3.66579E+07
-6.46087E+00, 3.67265E+07
-6.15824E+00, 3.66452E+07
-5.85561E+00, 3.66131E+07
-5.55298E+00, 3.66130E+07
-5.25035E+00, 3.66925E+07
-4.94773E+00, 3.64519E+07
-4.64510E+00, 3.63326E+07
-4.34247E+00, 3.66473E+07
-4.03984E+00, 3.66798E+07
-3.73722E+00, 3.66850E+07
-3.43459E+00, 3.64799E+07
-3.13196E+00, 3.64963E+07
-2.82933E+00, 3.66691E+07
-2.52671E+00, 3.65094E+07
-2.22408E+00, 3.67682E+07
-1.92145E+00, 3.67172E+07
-1.61882E+00, 3.65646E+07
-1.31620E+00, 3.64169E+07
-1.01357E+00, 3.64338E+07
-7.10940E-01, 3.63801E+07
-4.08312E-01, 3.64146E+07
-1.05685E-01, 3.63809E+07
 1.96943E-01, 3.64859E+07
 4.99570E-01, 3.63595E+07
 8.02198E-01, 3.63794E+07
 1.10483E+00, 3.63226E+07
 1.40745E+00, 3.64181E+07
 1.71008E+00, 3.65965E+07
 2.01271E+00, 3.65466E+07
 2.31534E+00, 3.65700E+07
 2.61796E+00, 3.65858E+07
 2.92059E+00, 3.65085E+07
 3.22322E+00, 3.67089E+07
 3.52585E+00, 3.67270E+07
 3.82847E+00, 3.66996E+07
 4.13110E+00, 3.67555E+07
 4.43373E+00, 3.65951E+07
 4.73636E+00, 3.66310E+07
 5.03898E+00, 3.65562E+07
 5.34161E+00, 3.66566E+07
 5.64424E+00, 3.65949E+07
 5.94687E+00, 3.64682E+07
 6.24950E+00, 3.64460E+07
 6.55212E+00, 3.64406E+07
 6.85475E+00, 3.65724E+07
 7.15738E+00, 3.68096E+07
 7.46001E+00, 3.65120E+07
 7.76263E+00, 3.66883E+07
 8.06526E+00, 3.64783E+07
 8.36789E+00, 3.67994E+07
 8.67052E+00, 3.65776E+07
 8.97314E+00, 3.65365E+07
 9.27577E+00, 3.67054E+07
 9.57840E+00, 3.64408E+07
 9.88103E+00, 3.65217E+07
 1.01837E+01, 3.64504E+07
 1.04863E+01, 3.66392E+07
 1.07889E+01, 3.67529E+07
 1.10915E+01, 3.64820E+07
 1.13942E+01, 3.64079E+07
 1.16968E+01, 3.65806E+07
 1.19994E+01, 3.65246E+07
 1.23020E+01, 3.66147E+07
 1.26047E+01, 3.67069E+07
 1.29073E+01, 3.68192E+07
 1.32099E+01, 3.66646E+07
 1.35126E+01, 3.66021E+07
 1.38152E+01, 3.66045E+07
 1.41178E+01, 3.66187E+07
 1.44204E+01, 3.66652E+07
 1.47231E+01, 3.65120E+07
 1.50257E+01, 3.66127E+07
 1.53283E+01, 3.65944E+07
 1.56310E+01, 3.65386E+07
 1.59336E+01, 3.66156E+07
 1.62362E+01, 3.68003E+07
 1.65388E+01, 3.68317E+07
 1.68415E+01, 3.67014E+07
 1.71441E+01, 3.65164E+07
 1.74467E+01, 3.67126E+07
 1.77493E+01, 3.64804E+07
 1.80520E+01, 3.63934E+07
 1.83546E+01, 3.66077E+07
 1.86572E+01, 3.67550E+07
 1.89599E+01, 3.65937E+07
 1.92625E+01, 3.67372E+07
 1.95651E+01, 3.66321E+07
 1.98677E+01, 3.67827E+07
 2.01704E+01, 3.66598E+07
 2.04730E+01, 3.64591E+07
 2.07756E+01, 3.66434E+07
 2.10782E+01, 3.64862E+07
 2.13809E+01, 3.64384E+07
 2.16835E+01, 3.63984E+07
 2.19861E+01, 3.64173E+07
 2.22888E+01, 3.63715E+07
 2.25914E+01, 3.64629E+07
 2.28940E+01, 3.66278E+07
 2.31966E+01, 3.65483E+07
 2.34993E+01, 3.66987E+07
 2.38019E+01, 3.66884E+07
 2.41045E+01, 3.64921E+07
 2.44072E+01, 3.67816E+07
 2.47098E+01, 3.64553E+07
 2.50124E+01, 3.64591E+07
 2.53150E+01, 3.64025E+07
 2.56177E+01, 3.65080E+07
 2.59203E+01, 3.65432E+07
 2.62229E+01, 3.64644E+07
 2.65255E+01, 3.66852E+07
 2.68282E+01, 3.65808E+07
 2.71308E+01, 3.65466E+07
 2.74334E+01, 3.65186E+07
 2.77361E+01, 3.65741E+07
 2.80387E+01, 3.68154E+07
 2.83413E+01, 3.64722E+07
 2.86439E+01, 3.65548E+07
 2.89466E+01, 3.64349E+07
 2.92492E+01, 3.63689E+07
 2.95518E+01, 3.63125E+07
 2.98545E+01, 3.65545E+07
 3.01571E+01, 3.67563E+07
 3.04597E+01, 3.67836E+07
 3.07623E+01, 3.68806E+07
 3.10650E+01, 3.68194E+07
 3.13676E+01, 3.65259E+07
 3.16702E+01, 3.67355E+07
 3.19728E+01, 3.67737E+07
 3.22755E+01, 3.63956E+07
 3.25781E+01, 3.64561E+07
 3.28807E+01, 3.63828E+07
 3.31834E+01, 3.67161E+07
 3.34860E+01, 3.66433E+07
 3.37886E+01, 3.65826E+07
 3.40912E+01, 3.63390E+07
 3.43939E+01, 3.65292E+07
 3.46965E+01, 3.65353E+07
 3.49991E+01, 3.66277E+07
 3.53017E+01, 3.67831E+07
 3.56044E+01, 3.68223E+07
 3.59070E+01, 3.67154E+07
 3.62096E+01, 3.66072E+07
 3.65123E+01, 3.65893E+07
 3.68149E+01, 3.66651E+07
 3.71175E+01, 3.63784E+07
 3.74201E+01, 3.67854E+07
 3.77228E+01, 3.66637E+07
 3.80254E+01, 3.66669E+07
 3.83280E+01, 3.65048E+07
 3.86307E+01, 3.65051E+07
 3.89333E+01, 3.65557E+07
 3.92359E+01, 3.64074E+07
 3.95385E+01, 3.65285E+07
 3.98412E+01, 3.62952E+07
 4.01438E+01, 3.65997E+07
 4.04464E+01, 3.65720E+07
 4.07490E+01, 3.66596E+07
 4.10517E+01, 3.67548E+07
 4.13543E+01, 3.68702E+07
 4.16569E+01, 3.65780E+07
 4.19596E+01, 3.66959E+07
 4.22622E+01, 3.67399E+07
 4.25648E+01, 3.68881E+07
 4.28674E+01, 3.69210E+07
 4.31701E+01, 3.68668E+07
 4.34727E+01, 3.67680E+07
 4.37753E+01, 3.67361E+07
 4.40779E+01, 3.68027E+07
 4.43806E+01, 3.68665E+07
 4.46832E+01, 3.69027E+07
 4.49858E+01, 3.69458E+07
 4.52885E+01, 3.70012E+07
 4.55911E+01, 3.68053E+07
 4.58937E+01, 3.67970E+07
 4.61963E+01, 3.67023E+07
 4.64990E+01, 3.69281E+07
 4.68016E+01, 3.69013E+07
 4.71042E+01, 3.66384E+07
 4.74069E+01, 3.70740E+07
 4.77095E+01, 3.67824E+07
 4.80121E+01, 3.70850E+07
 4.83147E+01, 3.68705E+07
 4.86174E+01, 3.67412E+07
 4.89200E+01, 3.70668E+07
 4.92226E+01, 3.71244E+07
 4.95252E+01, 3.67523E+07
 4.98279E+01, 3.66903E+07
 5.01305E+01, 3.66539E+07
 5.04331E+01, 3.68123E+07
 5.07358E+01, 3.67490E+07
 5.10384E+01, 3.67148E+07
 5.13410E+01, 3.69628E+07
 5.16436E+01, 3.66655E+07
 5.19463E+01, 3.70318E+07
 5.22489E+01, 3.68790E+07
 5.25515E+01, 3.70116E+07
 5.28541E+01, 3.68262E+07
 5.31568E+01, 3.67234E+07
 5.34594E+01, 3.71052E+07
 5.37620E+01, 3.69625E+07
 5.40647E+01, 3.69619E+07
 5.43673E+01, 3.68696E+07
 5.46699E+01, 3.68631E+07
 5.49725E+01, 3.67272E+07
 5.52752E+01, 3.67793E+07
 5.55778E+01, 3.71390E+07
 5.58804E+01, 3.71945E+07
 5.61831E+01, 3.71236E+07
 5.64857E+01, 3.68861E+07
 5.67883E+01, 3.67812E+07
 5.70909E+01, 3.66819E+07
 5.73936E+01, 3.70133E+07
 5.76962E+01, 3.68357E+07
 5.79988E+01, 3.70509E+07
 5.83014E+01, 3.71280E+07
 5.86041E+01, 3.69195E+07
 5.89067E+01, 3.68905E+07
 5.92093E+01, 3.67064E+07
 5.95120E+01, 3.68174E+07
 5.98146E+01, 3.70330E+07
 6.01172E+01, 3.68571E+07
 6.04198E+01, 3.68573E+07
 6.07225E+01, 3.68716E+07
 6.10251E+01, 3.70678E+07
 6.13277E+01, 3.66990E+07
 6.16304E+01, 3.68023E+07
 6.19330E+01, 3.68747E+07
 6.22356E+01, 3.68196E+07
 6.25382E+01, 3.67758E+07
 6.28409E+01, 3.69541E+07
 6.31435E+01, 3.67629E+07
 6.34461E+01, 3.69439E+07
 6.37487E+01, 3.67525E+07
 6.40514E+01, 3.66718E+07
 6.43540E+01, 3.68313E+07
 6.46566E+01, 3.67332E+07
 6.49593E+01, 3.67705E+07
 6.52619E+01, 3.70536E+07
 6.55645E+01, 3.71235E+07
 6.58671E+01, 3.72227E+07
 6.61698E+01, 3.67795E+07
 6.64724E+01, 3.69843E+07
 6.67750E+01, 3.70745E+07
 6.70776E+01, 3.70898E+07
 6.73803E+01, 3.71061E+07
 6.76829E+01, 3.68774E+07
 6.79855E+01, 3.68515E+07
 6.82882E+01, 3.69262E+07
 6.85908E+01, 3.70906E+07
 6.88934E+01, 3.68628E+07
 6.91960E+01, 3.69946E+07
 6.94987E+01, 3.71607E+07
 6.98013E+01, 3.68111E+07
 7.01039E+01, 3.70474E+07
 7.04066E+01, 3.69232E+07
 7.07092E+01, 3.69929E+07
 7.10118E+01, 3.71609E+07
 7.13144E+01, 3.65672E+07
 7.16171E+01, 3.66755E+07
 7.19197E+01, 3.67153E+07
 7.22223E+01, 3.68315E+07
 7.25249E+01, 3.67243E+07
 7.28276E+01, 3.69208E+07
 7.31302E+01, 3.67498E+07
 7.34328E+01, 3.66019E+07
 7.37355E+01, 3.68488E+07
 7.40381E+01, 3.69529E+07
 7.43407E+01, 3.68532E+07
 7.46433E+01, 3.71590E+07
 7.49460E+01, 3.71674E+07
 7.52486E+01, 3.68701E+07
 7.55512E+01, 3.67376E+07
 7.58538E+01, 3.69481E+07
 7.61565E+01, 3.68412E+07
 7.64591E+01, 3.68702E+07
 7.67617E+01, 3.71533E+07
 7.70644E+01, 3.70934E+07
 7.73670E+01, 3.72316E+07
 7.76696E+01, 3.71527E+07
 7.79722E+01, 3.70144E+07
 7.82749E+01, 3.70559E+07
 7.85775E+01, 3.67887E+07
 7.88801E+01, 3.68808E+07
 7.91828E+01, 3.70416E+07
 7.94854E+01, 3.71439E+07
 7.97880E+01, 3.72182E+07
 8.00906E+01, 3.70602E+07
 8.03933E+01, 3.70171E+07
 8.06959E+01, 3.68834E+07
 8.09985E+01, 3.69995E+07
 8.13011E+01, 3.69081E+07
 8.16038E+01, 3.72668E+07
 8.19064E+01, 3.73344E+07
 8.22090E+01, 3.68780E+07
 8.25117E+01, 3.69175E+07
 8.28143E+01, 3.67866E+07
 8.31169E+01, 3.69153E+07
 8.34195E+01, 3.71853E+07
 8.37222E+01, 3.70928E+07
 8.40248E+01, 3.71285E+07
 8.43274E+01, 3.71612E+07
 8.46301E+01, 3.72607E+07
 8.49327E+01, 3.70941E+07
 8.52353E+01, 3.71883E+07
 8.55379E+01, 3.73087E+07
 8.58406E+01, 3.72867E+07
 8.61432E+01, 3.71263E+07
 8.64458E+01, 3.69852E+07
 8.67484E+01, 3.69739E+07
 8.70511E+01, 3.68038E+07
 8.73537E+01, 3.68471E+07
 8.76563E+01, 3.66068E+07
 8.79590E+01, 3.67272E+07
 8.82616E+01, 3.65677E+07
 8.85642E+01, 3.64129E+07
 8.88668E+01, 3.64755E+07
 8.91695E+01, 3.65682E+07
 8.94721E+01, 3.67046E+07
 8.97747E+01, 3.64909E+07
 9.00773E+01, 3.65420E+07
 9.03800E+01, 3.66313E+07
 9.06826E+01, 3.66297E+07
 9.09852E+01, 3.65513E+07
 9.12879E+01, 3.66762E+07
 9.15905E+01, 3.65803E+07
 9.18931E+01, 3.66200E+07
 9.21957E+01, 3.66254E+07
 9.24984E+01, 3.65127E+07
 9.28010E+01, 3.67582E+07
 9.31036E+01, 3.69804E+07
 9.34063E+01, 3.68721E+07
 9.37089E+01, 3.68378E+07
 9.40115E+01, 3.67544E+07
 9.43141E+01, 3.68299E+07
 9.46168E+01, 3.66711E+07
 9.49194E+01, 3.67102E+07
 9.52220E+01, 3.65807E+07
 9.55246E+01, 3.69860E+07
 9.58273E+01, 3.67027E+07
 9.61299E+01, 3.69494E+07
 9.64325E+01, 3.67707E+07
 9.67352E+01, 3.68336E+07
 9.70378E+01, 3.66059E+07
 9.73404E+01, 3.66077E+07
 9.76430E+01, 3.67527E+07
 9.79457E+01, 3.66844E+07
 9.82483E+01, 3.68126E+07
 9.85509E+01, 3.70299E+07
 9.88535E+01, 3.67286E+07
 9.91562E+01, 3.66127E+07
 9.94588E+01, 3.65982E+07
 9.97614E+01, 3.65886E+07
