Date of conversion : 10/30/16,Time of conversion : 15:29:20 -07:00
Fit function for dominant peak from file "mono.res",asymmetry factor :  1.00
,detailed imbalance,Chi^2,peak,FWHM,position,%background,input file
  ,ok,   1.62,3.35E+03,  0.99,  -0.221,   2.01,   scan112.raw
  ,??,   1.48,3.01E+03,  0.92,  -4.540,   2.37,   scan115.raw
  ,ok,   1.20,1.59E+03,  1.00,   0.674,   2.64,   scan118.raw
  , ?,   3.39,1.60E+03,  1.03,   0.669,   2.36,   scan119.raw

PHOENIX module padd; 10/30/16 at 15:29:20 -07:00
energy (meV),counts,error of counts
-1.02191E+02, 0.00000E+00, 0.00000E+00
-1.01892E+02, 0.00000E+00, 0.00000E+00
-1.01593E+02, 0.00000E+00, 0.00000E+00
-1.01294E+02, 0.00000E+00, 0.00000E+00
-1.00995E+02, 0.00000E+00, 0.00000E+00
-1.00696E+02, 0.00000E+00, 0.00000E+00
-1.00397E+02, 8.40145E-02, 5.85268E-01
-1.00098E+02, 2.46118E+00, 3.11319E+00
-9.97985E+01, 2.54355E+00, 0.00000E+00
-9.94995E+01, 0.00000E+00, 0.00000E+00
-9.92004E+01, 5.00403E-02, 4.59479E-01
-9.89014E+01, 6.07910E-01, 1.37395E+00
-9.86023E+01, 1.01344E+00, 0.00000E+00
-9.83033E+01, 0.00000E+00, 0.00000E+00
-9.80043E+01, 1.06573E+00, 1.08534E+00
-9.77052E+01, 9.29054E-01, 1.57678E+00
-9.74062E+01, 9.00559E-01, 7.75589E-02
-9.71072E+01, 2.43184E-02, 6.35931E-01
-9.68081E+01, 5.62185E-01, 1.34190E+00
-9.65091E+01, 1.85962E+00, 1.55209E+00
-9.62100E+01, 1.01219E+00, 2.18975E-01
-9.59110E+01, 1.10231E+00, 1.10402E+00
-9.56120E+01, 0.00000E+00, 0.00000E+00
-9.53129E+01, 0.00000E+00, 0.00000E+00
-9.50139E+01, 0.00000E+00, 0.00000E+00
-9.47148E+01, 0.00000E+00, 0.00000E+00
-9.44158E+01, 7.96419E-02, 2.57216E-01
-9.41168E+01, 7.84423E-01, 8.07227E-01
-9.38177E+01, 4.42702E-01, 1.15105E+00
-9.35187E+01, 8.31724E-01, 1.92455E-01
-9.32196E+01, 2.15564E-02, 0.00000E+00
-9.29206E+01, 0.00000E+00, 0.00000E+00
-9.26216E+01, 0.00000E+00, 0.00000E+00
-9.23225E+01, 2.05835E-01, 4.79099E-01
-9.20235E+01, 9.69428E-01, 1.01029E+00
-9.17245E+01, 8.28121E-01, 7.96383E-01
-9.14254E+01, 0.00000E+00, 0.00000E+00
-9.11264E+01, 0.00000E+00, 0.00000E+00
-9.08273E+01, 1.98730E-01, 8.25757E-01
-9.05283E+01, 6.97170E-01, 2.44036E-01
-9.02293E+01, 1.79436E-01, 4.60801E-01
-8.99302E+01, 8.23760E-01, 9.66947E-01
-8.96312E+01, 1.78627E-01, 0.00000E+00
-8.93321E+01, 0.00000E+00, 0.00000E+00
-8.90331E+01, 0.00000E+00, 0.00000E+00
-8.87341E+01, 0.00000E+00, 0.00000E+00
-8.84350E+01, 0.00000E+00, 0.00000E+00
-8.81360E+01, 0.00000E+00, 0.00000E+00
-8.78369E+01, 0.00000E+00, 0.00000E+00
-8.75379E+01, 0.00000E+00, 0.00000E+00
-8.72389E+01, 0.00000E+00, 0.00000E+00
-8.69398E+01, 9.54204E-02, 1.17328E+00
-8.66408E+01, 1.12278E+00, 0.00000E+00
-8.63417E+01, 1.89025E-01, 3.97862E-01
-8.60427E+01, 7.21161E-01, 7.76664E-01
-8.57437E+01, 0.00000E+00, 0.00000E+00
-8.54446E+01, 0.00000E+00, 0.00000E+00
-8.51456E+01, 0.00000E+00, 0.00000E+00
-8.48466E+01, 0.00000E+00, 0.00000E+00
-8.45475E+01, 0.00000E+00, 0.00000E+00
-8.42485E+01, 0.00000E+00, 0.00000E+00
-8.39494E+01, 0.00000E+00, 0.00000E+00
-8.36504E+01, 2.34199E-01, 4.43828E-01
-8.33514E+01, 6.28225E-01, 7.26363E-01
-8.30523E+01, 1.73353E-01, 3.88432E-01
-8.27533E+01, 1.98861E+00, 1.51201E+00
-8.24542E+01, 1.41646E+00, 1.31245E+00
-8.21552E+01, 1.11704E+00, 9.41344E-01
-8.18562E+01, 4.84090E-01, 1.40103E-01
-8.15571E+01, 1.19355E+00, 1.21996E+00
-8.12581E+01, 1.12741E+00, 8.70830E-01
-8.09590E+01, 6.96019E-01, 7.63627E-01
-8.06600E+01, 0.00000E+00, 0.00000E+00
-8.03610E+01, 0.00000E+00, 0.00000E+00
-8.00619E+01, 1.37053E-01, 7.99021E-01
-7.97629E+01, 1.08573E+00, 1.35086E+00
-7.94639E+01, 1.27894E+00, 0.00000E+00
-7.91648E+01, 0.00000E+00, 0.00000E+00
-7.88658E+01, 3.45419E-02, 2.33760E-01
-7.85667E+01, 1.18189E+00, 1.26069E+00
-7.82677E+01, 1.02464E+00, 7.35156E-01
-7.79687E+01, 5.71743E-02, 5.64380E-01
-7.76696E+01, 1.31110E+00, 1.51267E+00
-7.73706E+01, 1.15738E+00, 1.82212E-01
-7.70715E+01, 3.29695E-01, 9.84426E-01
-7.67725E+01, 1.00653E+00, 1.10296E+00
-7.64735E+01, 1.38884E+00, 1.27514E+00
-7.61744E+01, 1.39593E+00, 0.00000E+00
-7.58754E+01, 0.00000E+00, 0.00000E+00
-7.55763E+01, 0.00000E+00, 0.00000E+00
-7.52773E+01, 1.05894E-02, 5.38323E-01
-7.49783E+01, 3.33827E-01, 1.02210E+00
-7.46792E+01, 1.21134E+00, 8.40215E-01
-7.43802E+01, 6.20334E-01, 0.00000E+00
-7.40811E+01, 0.00000E+00, 0.00000E+00
-7.37821E+01, 1.98618E+00, 1.98066E+00
-7.34831E+01, 1.96598E+00, 7.29683E-01
-7.31840E+01, 5.35607E-01, 8.23927E-01
-7.28850E+01, 5.89954E-01, 0.00000E+00
-7.25860E+01, 9.32455E-01, 1.25818E+00
-7.22869E+01, 1.31056E+00, 7.49366E-01
-7.19879E+01, 6.51805E-03, 0.00000E+00
-7.16888E+01, 2.67970E-01, 4.75269E-01
-7.13898E+01, 6.59206E-01, 7.44133E-01
-7.10908E+01, 0.00000E+00, 0.00000E+00
-7.07917E+01, 3.89905E-02, 3.29234E-01
-7.04927E+01, 1.11190E+00, 1.67481E+00
-7.01936E+01, 2.08559E+00, 1.17265E+00
-6.98946E+01, 1.09557E+00, 7.88295E-01
-6.95956E+01, 1.86239E+00, 1.51992E+00
-6.92965E+01, 1.19741E+00, 8.17737E-01
-6.89975E+01, 5.23819E-01, 0.00000E+00
-6.86984E+01, 0.00000E+00, 0.00000E+00
-6.83994E+01, 0.00000E+00, 0.00000E+00
-6.81004E+01, 1.94863E-01, 4.05366E-01
-6.78013E+01, 9.16726E-01, 8.79015E-01
-6.75023E+01, 6.18952E-01, 7.22108E-01
-6.72032E+01, 7.00414E-01, 1.59454E+00
-6.69042E+01, 1.77687E+00, 6.27861E-01
-6.66052E+01, 1.85787E-01, 2.75409E-01
-6.63061E+01, 5.80873E-01, 1.07564E+00
-6.60071E+01, 1.29367E+00, 9.06800E-01
-6.57081E+01, 3.81015E-01, 3.12231E-01
-6.54090E+01, 6.37913E-01, 9.67083E-01
-6.51100E+01, 1.72533E+00, 1.54280E+00
-6.48109E+01, 1.62177E+00, 9.09556E-01
-6.45119E+01, 5.70881E-01, 1.17805E+00
-6.42129E+01, 1.25296E+00, 1.19089E+00
-6.39138E+01, 1.19316E+00, 6.80669E-01
-6.36148E+01, 8.75264E-01, 1.00131E+00
-6.33157E+01, 1.38050E+00, 8.81941E-01
-6.30167E+01, 6.42910E-01, 8.20476E-01
-6.27177E+01, 4.31752E-01, 9.33980E-01
-6.24186E+01, 1.03247E+00, 8.38513E-01
-6.21196E+01, 2.12768E+00, 1.36031E+00
-6.18205E+01, 3.76591E+00, 2.04386E+00
-6.15215E+01, 1.87883E+00, 1.14182E+00
-6.12225E+01, 2.51180E+00, 1.53503E+00
-6.09234E+01, 3.01630E+00, 1.67777E+00
-6.06244E+01, 1.17666E+00, 9.29322E-01
-6.03254E+01, 1.10375E+00, 1.79239E+00
-6.00263E+01, 2.28281E+00, 1.74844E+00
-5.97273E+01, 1.04493E+00, 1.28731E+00
-5.94282E+01, 2.03654E+00, 1.24984E+00
-5.91292E+01, 3.47479E+00, 1.80769E+00
-5.88302E+01, 2.67244E+00, 1.77265E+00
-5.85311E+01, 2.15922E+00, 1.64738E+00
-5.82321E+01, 2.65586E+00, 1.51447E+00
-5.79330E+01, 1.04556E+00, 1.13316E+00
-5.76340E+01, 1.75774E+00, 1.38187E+00
-5.73350E+01, 4.14976E+00, 2.02562E+00
-5.70359E+01, 1.82559E+00, 8.85284E-01
-5.67369E+01, 1.65172E+00, 1.66707E+00
-5.64378E+01, 5.76144E+00, 2.62295E+00
-5.61388E+01, 3.82655E+00, 1.92184E+00
-5.58398E+01, 2.56659E+00, 9.23233E-01
-5.55407E+01, 2.03458E+00, 1.30957E+00
-5.52417E+01, 1.38623E+00, 1.46911E+00
-5.49426E+01, 5.17566E+00, 2.81603E+00
-5.46436E+01, 5.59209E+00, 2.11479E+00
-5.43446E+01, 5.69555E+00, 2.34285E+00
-5.40455E+01, 2.77176E+00, 1.66897E+00
-5.37465E+01, 1.69831E+00, 1.39173E+00
-5.34475E+01, 3.40693E+00, 1.93952E+00
-5.31484E+01, 4.43029E+00, 2.16620E+00
-5.28494E+01, 3.38496E+00, 1.81624E+00
-5.25503E+01, 3.96860E+00, 2.18889E+00
-5.22513E+01, 3.82371E+00, 1.85686E+00
-5.19523E+01, 2.06442E+00, 1.22975E+00
-5.16532E+01, 2.38183E+00, 1.81944E+00
-5.13542E+01, 2.81629E+00, 1.55823E+00
-5.10551E+01, 2.49110E+00, 1.55876E+00
-5.07561E+01, 6.48657E+00, 2.68985E+00
-5.04571E+01, 5.94089E+00, 2.20446E+00
-5.01580E+01, 4.48770E+00, 2.14672E+00
-4.98590E+01, 2.79854E+00, 1.39008E+00
-4.95599E+01, 4.62323E+00, 2.44865E+00
-4.92609E+01, 5.63088E+00, 2.54958E+00
-4.89619E+01, 5.73614E+00, 2.26006E+00
-4.86628E+01, 5.94183E+00, 2.36192E+00
-4.83638E+01, 6.21435E+00, 2.30428E+00
-4.80648E+01, 3.29040E+00, 1.91638E+00
-4.77657E+01, 2.86460E+00, 1.58112E+00
-4.74667E+01, 4.45790E+00, 2.55394E+00
-4.71676E+01, 6.50990E+00, 2.25168E+00
-4.68686E+01, 5.31671E+00, 2.10268E+00
-4.65696E+01, 3.25466E+00, 1.72308E+00
-4.62705E+01, 3.07183E+00, 1.68935E+00
-4.59715E+01, 5.57041E+00, 2.61693E+00
-4.56724E+01, 5.57330E+00, 2.42342E+00
-4.53734E+01, 5.90850E+00, 2.07817E+00
-4.50744E+01, 5.28802E+00, 2.50803E+00
-4.47753E+01, 6.67893E+00, 2.68194E+00
-4.44763E+01, 6.94489E+00, 2.58995E+00
-4.41772E+01, 6.41131E+00, 2.89093E+00
-4.38782E+01, 8.56015E+00, 3.14122E+00
-4.35792E+01, 7.95564E+00, 2.70063E+00
-4.32801E+01, 8.97900E+00, 3.31226E+00
-4.29811E+01, 1.08649E+01, 3.15241E+00
-4.26820E+01, 1.11625E+01, 3.25977E+00
-4.23830E+01, 5.76984E+00, 1.74207E+00
-4.20840E+01, 3.72277E+00, 2.25870E+00
-4.17849E+01, 8.16972E+00, 3.25803E+00
-4.14859E+01, 9.97364E+00, 3.38705E+00
-4.11869E+01, 1.20102E+01, 3.76031E+00
-4.08878E+01, 1.31170E+01, 3.18773E+00
-4.05888E+01, 1.10424E+01, 3.50823E+00
-4.02897E+01, 1.26048E+01, 3.11979E+00
-3.99907E+01, 8.46332E+00, 2.84195E+00
-3.96917E+01, 7.56498E+00, 3.38757E+00
-3.93926E+01, 9.95250E+00, 2.72957E+00
-3.90936E+01, 1.00575E+01, 3.90409E+00
-3.87945E+01, 1.49320E+01, 4.39753E+00
-3.84955E+01, 1.66744E+01, 4.28658E+00
-3.81965E+01, 2.12024E+01, 5.00508E+00
-3.78974E+01, 2.69803E+01, 5.79073E+00
-3.75984E+01, 4.02734E+01, 6.76558E+00
-3.72993E+01, 5.13855E+01, 7.50874E+00
-3.70003E+01, 5.68896E+01, 8.45510E+00
-3.67013E+01, 7.56363E+01, 9.41040E+00
-3.64022E+01, 9.20237E+01, 1.00281E+01
-3.61032E+01, 1.07475E+02, 1.03245E+01
-3.58042E+01, 1.17075E+02, 1.10267E+01
-3.55051E+01, 1.23144E+02, 1.07090E+01
-3.52061E+01, 1.02616E+02, 1.00272E+01
-3.49070E+01, 1.00913E+02, 1.02798E+01
-3.46080E+01, 1.07324E+02, 1.02861E+01
-3.43090E+01, 8.88183E+01, 9.33888E+00
-3.40099E+01, 8.09204E+01, 8.88589E+00
-3.37109E+01, 8.75610E+01, 9.14488E+00
-3.34118E+01, 6.93097E+01, 8.47016E+00
-3.31128E+01, 6.76717E+01, 8.14667E+00
-3.28138E+01, 6.25791E+01, 7.97802E+00
-3.25147E+01, 6.54305E+01, 8.03727E+00
-3.22157E+01, 7.38370E+01, 8.55957E+00
-3.19166E+01, 7.70228E+01, 8.95090E+00
-3.16176E+01, 7.69930E+01, 8.78358E+00
-3.13186E+01, 9.01810E+01, 9.57422E+00
-3.10195E+01, 8.41693E+01, 9.14497E+00
-3.07205E+01, 8.81150E+01, 9.73830E+00
-3.04214E+01, 1.00175E+02, 9.93370E+00
-3.01224E+01, 1.09184E+02, 1.06514E+01
-2.98234E+01, 1.11679E+02, 1.05593E+01
-2.95243E+01, 1.13470E+02, 1.06239E+01
-2.92253E+01, 1.07095E+02, 1.02938E+01
-2.89263E+01, 1.12018E+02, 1.07753E+01
-2.86272E+01, 1.35310E+02, 1.20975E+01
-2.83282E+01, 1.54610E+02, 1.24167E+01
-2.80291E+01, 1.53482E+02, 1.23165E+01
-2.77301E+01, 1.42347E+02, 1.17834E+01
-2.74311E+01, 1.33761E+02, 1.18751E+01
-2.71320E+01, 1.57025E+02, 1.28318E+01
-2.68330E+01, 1.70064E+02, 1.29082E+01
-2.65339E+01, 1.65495E+02, 1.30392E+01
-2.62349E+01, 1.86631E+02, 1.38591E+01
-2.59359E+01, 1.75177E+02, 1.28515E+01
-2.56368E+01, 1.56524E+02, 1.21928E+01
-2.53378E+01, 1.57233E+02, 1.27374E+01
-2.50387E+01, 1.70142E+02, 1.32767E+01
-2.47397E+01, 1.74212E+02, 1.30879E+01
-2.44407E+01, 1.72322E+02, 1.34369E+01
-2.41416E+01, 1.84810E+02, 1.37745E+01
-2.38426E+01, 1.94719E+02, 1.41447E+01
-2.35435E+01, 2.32136E+02, 1.59140E+01
-2.32445E+01, 2.45958E+02, 1.53093E+01
-2.29455E+01, 2.23289E+02, 1.48587E+01
-2.26464E+01, 2.18200E+02, 1.48048E+01
-2.23474E+01, 2.28068E+02, 1.50339E+01
-2.20484E+01, 2.32219E+02, 1.54513E+01
-2.17493E+01, 2.37997E+02, 1.58626E+01
-2.14503E+01, 2.47594E+02, 1.55254E+01
-2.11512E+01, 2.30948E+02, 1.48889E+01
-2.08522E+01, 2.29363E+02, 1.56755E+01
-2.05532E+01, 2.44964E+02, 1.55983E+01
-2.02541E+01, 2.36914E+02, 1.53394E+01
-1.99551E+01, 2.32498E+02, 1.51954E+01
-1.96560E+01, 2.22534E+02, 1.46665E+01
-1.93570E+01, 2.33872E+02, 1.57714E+01
-1.90580E+01, 2.34913E+02, 1.47046E+01
-1.87589E+01, 1.99013E+02, 1.38828E+01
-1.84599E+01, 1.97250E+02, 1.45711E+01
-1.81608E+01, 2.07547E+02, 1.45620E+01
-1.78618E+01, 2.04367E+02, 1.41193E+01
-1.75628E+01, 2.05035E+02, 1.42133E+01
-1.72637E+01, 1.91919E+02, 1.33545E+01
-1.69647E+01, 1.81817E+02, 1.38658E+01
-1.66657E+01, 1.92805E+02, 1.37961E+01
-1.63666E+01, 1.84839E+02, 1.39822E+01
-1.60676E+01, 1.89689E+02, 1.35219E+01
-1.57685E+01, 1.90753E+02, 1.36202E+01
-1.54695E+01, 1.74043E+02, 1.35231E+01
-1.51705E+01, 1.83668E+02, 1.36575E+01
-1.48714E+01, 1.94750E+02, 1.38891E+01
-1.45724E+01, 1.84077E+02, 1.33477E+01
-1.42733E+01, 1.64380E+02, 1.31102E+01
-1.39743E+01, 1.69640E+02, 1.29789E+01
-1.36753E+01, 1.73622E+02, 1.34229E+01
-1.33762E+01, 1.79078E+02, 1.36395E+01
-1.30772E+01, 1.76073E+02, 1.28001E+01
-1.27781E+01, 1.55991E+02, 1.24224E+01
-1.24791E+01, 1.55322E+02, 1.29070E+01
-1.21801E+01, 1.76122E+02, 1.31891E+01
-1.18810E+01, 1.79651E+02, 1.33665E+01
-1.15820E+01, 1.69967E+02, 1.31445E+01
-1.12829E+01, 1.69905E+02, 1.28722E+01
-1.09839E+01, 1.70317E+02, 1.31679E+01
-1.06849E+01, 1.85550E+02, 1.36744E+01
-1.03858E+01, 1.86157E+02, 1.36385E+01
-1.00868E+01, 1.86639E+02, 1.36898E+01
-9.78775E+00, 1.82507E+02, 1.37826E+01
-9.48871E+00, 1.89460E+02, 1.39015E+01
-9.18968E+00, 1.77626E+02, 1.33698E+01
-8.89064E+00, 1.74394E+02, 1.34526E+01
-8.59160E+00, 2.03464E+02, 1.44013E+01
-8.29256E+00, 1.87084E+02, 1.33227E+01
-7.99352E+00, 1.76975E+02, 1.33696E+01
-7.69448E+00, 1.90128E+02, 1.39353E+01
-7.39544E+00, 2.02322E+02, 1.43420E+01
-7.09640E+00, 1.88210E+02, 1.35687E+01
-6.79736E+00, 1.86258E+02, 1.40246E+01
-6.49832E+00, 2.16269E+02, 1.50261E+01
-6.19929E+00, 2.17716E+02, 1.44978E+01
-5.90025E+00, 1.93697E+02, 1.40038E+01
-5.60121E+00, 2.18603E+02, 1.52192E+01
-5.30217E+00, 2.31231E+02, 1.50885E+01
-5.00313E+00, 2.15235E+02, 1.48964E+01
-4.70409E+00, 2.42018E+02, 1.59234E+01
-4.40505E+00, 2.32976E+02, 1.49367E+01
-4.10601E+00, 2.36911E+02, 1.57925E+01
-3.80697E+00, 2.59757E+02, 1.64762E+01
-3.50793E+00, 2.43843E+02, 1.55359E+01
-3.20890E+00, 2.50621E+02, 1.62613E+01
-2.90986E+00, 2.81092E+02, 1.74729E+01
-2.61082E+00, 2.99782E+02, 1.75718E+01
-2.31178E+00, 3.18495E+02, 1.83137E+01
-2.01274E+00, 3.94176E+02, 2.05835E+01
-1.71370E+00, 4.64699E+02, 2.24637E+01
-1.41466E+00, 5.97284E+02, 2.68885E+01
-1.11562E+00, 9.57485E+02, 3.58919E+01
-8.16583E-01, 2.07837E+03, 5.49456E+01
-5.17544E-01, 5.07769E+03, 8.11872E+01
-2.18505E-01, 8.37585E+03, 9.45239E+01
 8.05343E-02, 9.07846E+03, 9.08194E+01
 3.79573E-01, 6.20920E+03, 6.84868E+01
 6.78612E-01, 2.74547E+03, 4.36906E+01
 9.77651E-01, 1.13379E+03, 3.08170E+01
 1.27669E+00, 7.04947E+02, 2.50576E+01
 1.57573E+00, 4.82581E+02, 2.05380E+01
 1.87477E+00, 3.92508E+02, 1.97201E+01
 2.17381E+00, 3.65770E+02, 1.88244E+01
 2.47285E+00, 3.27978E+02, 1.79019E+01
 2.77189E+00, 3.25632E+02, 1.80710E+01
 3.07092E+00, 3.04972E+02, 1.72153E+01
 3.36996E+00, 2.65788E+02, 1.61546E+01
 3.66900E+00, 2.46161E+02, 1.58865E+01
 3.96804E+00, 2.52573E+02, 1.58822E+01
 4.26708E+00, 2.67939E+02, 1.65010E+01
 4.56612E+00, 2.58728E+02, 1.58809E+01
 4.86516E+00, 2.45663E+02, 1.57934E+01
 5.16420E+00, 2.46985E+02, 1.62425E+01
 5.46324E+00, 2.42811E+02, 1.52553E+01
 5.76228E+00, 2.46582E+02, 1.59400E+01
 6.06132E+00, 2.49252E+02, 1.59993E+01
 6.36035E+00, 2.37057E+02, 1.52427E+01
 6.65939E+00, 2.44253E+02, 1.54867E+01
 6.95843E+00, 2.51507E+02, 1.63695E+01
 7.25747E+00, 2.68397E+02, 1.65961E+01
 7.55651E+00, 2.70372E+02, 1.69474E+01
 7.85555E+00, 2.69602E+02, 1.64084E+01
 8.15459E+00, 2.73235E+02, 1.65800E+01
 8.45363E+00, 2.55243E+02, 1.60449E+01
 8.75267E+00, 2.46306E+02, 1.56203E+01
 9.05171E+00, 2.36505E+02, 1.53057E+01
 9.35074E+00, 2.33814E+02, 1.60546E+01
 9.64978E+00, 2.65797E+02, 1.64346E+01
 9.94882E+00, 2.60462E+02, 1.62364E+01
 1.02479E+01, 2.69924E+02, 1.67468E+01
 1.05469E+01, 2.84500E+02, 1.72790E+01
 1.08459E+01, 2.80046E+02, 1.64019E+01
 1.11450E+01, 2.70422E+02, 1.63716E+01
 1.14440E+01, 2.74172E+02, 1.74137E+01
 1.17431E+01, 2.93466E+02, 1.69303E+01
 1.20421E+01, 2.79680E+02, 1.68717E+01
 1.23411E+01, 2.65008E+02, 1.62449E+01
 1.26402E+01, 2.67332E+02, 1.66996E+01
 1.29392E+01, 2.80044E+02, 1.73816E+01
 1.32383E+01, 2.88626E+02, 1.65091E+01
 1.35373E+01, 2.88569E+02, 1.76841E+01
 1.38363E+01, 3.24560E+02, 1.84676E+01
 1.41354E+01, 3.10493E+02, 1.75432E+01
 1.44344E+01, 2.98701E+02, 1.75417E+01
 1.47334E+01, 3.19880E+02, 1.82076E+01
 1.50325E+01, 3.18899E+02, 1.83567E+01
 1.53315E+01, 3.26635E+02, 1.81000E+01
 1.56306E+01, 3.17410E+02, 1.79600E+01
 1.59296E+01, 3.42736E+02, 1.88180E+01
 1.62286E+01, 3.47481E+02, 1.90889E+01
 1.65277E+01, 3.43861E+02, 1.87940E+01
 1.68267E+01, 3.64735E+02, 1.93245E+01
 1.71258E+01, 3.74699E+02, 1.93485E+01
 1.74248E+01, 3.54257E+02, 1.90565E+01
 1.77238E+01, 3.92764E+02, 2.04844E+01
 1.80229E+01, 4.17607E+02, 2.05918E+01
 1.83219E+01, 4.11672E+02, 2.02920E+01
 1.86210E+01, 4.27996E+02, 2.10957E+01
 1.89200E+01, 4.87426E+02, 2.26629E+01
 1.92190E+01, 5.53929E+02, 2.39503E+01
 1.95181E+01, 5.50893E+02, 2.32882E+01
 1.98171E+01, 5.05609E+02, 2.21763E+01
 2.01161E+01, 4.95840E+02, 2.28222E+01
 2.04152E+01, 5.56012E+02, 2.42314E+01
 2.07142E+01, 5.71933E+02, 2.38116E+01
 2.10133E+01, 5.55102E+02, 2.38360E+01
 2.13123E+01, 5.57581E+02, 2.37177E+01
 2.16113E+01, 5.52293E+02, 2.37304E+01
 2.19104E+01, 5.61001E+02, 2.42260E+01
 2.22094E+01, 5.89893E+02, 2.46353E+01
 2.25085E+01, 5.65609E+02, 2.39081E+01
 2.28075E+01, 5.51676E+02, 2.37681E+01
 2.31065E+01, 5.74320E+02, 2.42185E+01
 2.34056E+01, 5.65088E+02, 2.38135E+01
 2.37046E+01, 5.18046E+02, 2.28146E+01
 2.40037E+01, 4.90741E+02, 2.23848E+01
 2.43027E+01, 4.61255E+02, 2.15357E+01
 2.46017E+01, 4.33537E+02, 2.09216E+01
 2.49008E+01, 4.39569E+02, 2.11738E+01
 2.51998E+01, 4.39173E+02, 2.11133E+01
 2.54989E+01, 4.37242E+02, 2.08829E+01
 2.57979E+01, 4.39643E+02, 2.14677E+01
 2.60969E+01, 4.64562E+02, 2.16908E+01
 2.63960E+01, 4.67833E+02, 2.18541E+01
 2.66950E+01, 4.41993E+02, 2.10034E+01
 2.69940E+01, 4.40012E+02, 2.12989E+01
 2.72931E+01, 4.53693E+02, 2.14175E+01
 2.75921E+01, 4.30315E+02, 2.07363E+01
 2.78912E+01, 4.23770E+02, 2.07445E+01
 2.81902E+01, 4.34159E+02, 2.12387E+01
 2.84892E+01, 4.14157E+02, 2.01517E+01
 2.87883E+01, 3.78264E+02, 1.92688E+01
 2.90873E+01, 3.67291E+02, 1.95825E+01
 2.93864E+01, 3.68265E+02, 1.93321E+01
 2.96854E+01, 3.50156E+02, 1.86458E+01
 2.99844E+01, 3.20714E+02, 1.76940E+01
 3.02835E+01, 2.96299E+02, 1.73208E+01
 3.05825E+01, 2.95704E+02, 1.73954E+01
 3.08816E+01, 3.02629E+02, 1.74078E+01
 3.11806E+01, 2.92859E+02, 1.75707E+01
 3.14796E+01, 2.93723E+02, 1.71309E+01
 3.17787E+01, 2.75980E+02, 1.64893E+01
 3.20777E+01, 2.53799E+02, 1.59402E+01
 3.23768E+01, 2.46974E+02, 1.62989E+01
 3.26758E+01, 2.67841E+02, 1.66297E+01
 3.29748E+01, 2.66027E+02, 1.61669E+01
 3.32739E+01, 2.57085E+02, 1.65635E+01
 3.35729E+01, 2.81245E+02, 1.72709E+01
 3.38719E+01, 3.02816E+02, 1.75001E+01
 3.41710E+01, 3.07716E+02, 1.78341E+01
 3.44700E+01, 3.26578E+02, 1.84409E+01
 3.47691E+01, 3.60750E+02, 1.93703E+01
 3.50681E+01, 3.99218E+02, 2.05527E+01
 3.53671E+01, 4.42872E+02, 2.15983E+01
 3.56662E+01, 4.38894E+02, 2.07050E+01
 3.59652E+01, 4.01780E+02, 2.05951E+01
 3.62643E+01, 4.01772E+02, 1.94439E+01
 3.65633E+01, 3.52186E+02, 1.87882E+01
 3.68623E+01, 3.13327E+02, 1.71383E+01
 3.71614E+01, 2.54335E+02, 1.53057E+01
 3.74604E+01, 2.08510E+02, 1.37466E+01
 3.77595E+01, 1.65741E+02, 1.22653E+01
 3.80585E+01, 1.35802E+02, 1.12903E+01
 3.83575E+01, 1.14222E+02, 1.02990E+01
 3.86566E+01, 8.80416E+01, 8.96935E+00
 3.89556E+01, 6.59330E+01, 7.30756E+00
 3.92546E+01, 4.88285E+01, 6.81586E+00
 3.95537E+01, 4.05909E+01, 6.44785E+00
 3.98527E+01, 4.10787E+01, 6.53066E+00
 4.01518E+01, 4.16607E+01, 6.81513E+00
 4.04508E+01, 4.81644E+01, 6.33048E+00
 4.07498E+01, 3.82604E+01, 6.34492E+00
 4.10489E+01, 4.14791E+01, 6.54833E+00
 4.13479E+01, 3.50568E+01, 5.73265E+00
 4.16470E+01, 3.70922E+01, 5.90378E+00
 4.19460E+01, 3.95428E+01, 6.35828E+00
 4.22450E+01, 2.53096E+01, 4.86227E+00
 4.25441E+01, 3.11491E+01, 5.71397E+00
 4.28431E+01, 3.52219E+01, 6.11989E+00
 4.31422E+01, 3.39813E+01, 5.84463E+00
 4.34412E+01, 2.99739E+01, 5.47288E+00
 4.37402E+01, 3.20011E+01, 5.69305E+00
 4.40393E+01, 3.08386E+01, 5.55282E+00
 4.43383E+01, 2.70866E+01, 5.06054E+00
 4.46374E+01, 2.46330E+01, 4.87524E+00
 4.49364E+01, 3.11192E+01, 5.81772E+00
 4.52354E+01, 3.23676E+01, 5.60710E+00
 4.55345E+01, 2.43061E+01, 4.84101E+00
 4.58335E+01, 2.38443E+01, 5.03380E+00
 4.61325E+01, 2.70435E+01, 5.21207E+00
 4.64316E+01, 2.27228E+01, 4.55382E+00
 4.67306E+01, 2.17804E+01, 4.83391E+00
 4.70297E+01, 1.66556E+01, 3.89701E+00
 4.73287E+01, 1.79088E+01, 4.55277E+00
 4.76277E+01, 2.94628E+01, 5.58434E+00
 4.79268E+01, 3.25870E+01, 5.53589E+00
 4.82258E+01, 2.92016E+01, 5.70082E+00
 4.85249E+01, 2.64873E+01, 4.98149E+00
 4.88239E+01, 2.31424E+01, 4.61858E+00
 4.91229E+01, 3.13941E+01, 5.90367E+00
 4.94220E+01, 3.02895E+01, 5.19416E+00
 4.97210E+01, 2.52125E+01, 5.23304E+00
 5.00201E+01, 2.92286E+01, 5.61251E+00
 5.03191E+01, 3.03792E+01, 5.58342E+00
 5.06181E+01, 2.60159E+01, 5.07713E+00
 5.09172E+01, 2.28020E+01, 4.57409E+00
 5.12162E+01, 2.29289E+01, 4.98412E+00
 5.15152E+01, 2.06367E+01, 4.25743E+00
 5.18143E+01, 2.26201E+01, 5.17964E+00
 5.21133E+01, 3.02070E+01, 5.42158E+00
 5.24124E+01, 2.93726E+01, 5.60548E+00
 5.27114E+01, 2.80563E+01, 5.29812E+00
 5.30104E+01, 2.60696E+01, 4.96665E+00
 5.33095E+01, 2.99957E+01, 6.02727E+00
 5.36085E+01, 3.17184E+01, 5.47134E+00
 5.39076E+01, 2.41661E+01, 4.63201E+00
 5.42066E+01, 2.18200E+01, 4.76570E+00
 5.45056E+01, 1.82126E+01, 4.28412E+00
 5.48047E+01, 1.57312E+01, 3.83123E+00
 5.51037E+01, 2.00928E+01, 4.84975E+00
 5.54028E+01, 2.52674E+01, 5.36440E+00
 5.57018E+01, 2.24896E+01, 4.71481E+00
 5.60008E+01, 1.92742E+01, 4.07490E+00
 5.62999E+01, 1.74329E+01, 4.53478E+00
 5.65989E+01, 2.36546E+01, 4.92196E+00
 5.68980E+01, 2.21947E+01, 4.61486E+00
 5.71970E+01, 1.67562E+01, 3.61596E+00
 5.74960E+01, 1.28622E+01, 3.94388E+00
 5.77951E+01, 1.57361E+01, 3.57384E+00
 5.80941E+01, 1.52474E+01, 4.18685E+00
 5.83931E+01, 1.62893E+01, 4.49472E+00
 5.86922E+01, 2.20966E+01, 4.82947E+00
 5.89912E+01, 2.18691E+01, 4.22989E+00
 5.92903E+01, 1.41379E+01, 3.99563E+00
 5.95893E+01, 1.51114E+01, 3.68482E+00
 5.98883E+01, 1.43620E+01, 3.83191E+00
 6.01874E+01, 1.40664E+01, 4.10440E+00
 6.04864E+01, 1.64622E+01, 3.70444E+00
 6.07855E+01, 1.53066E+01, 3.68181E+00
 6.10845E+01, 1.58374E+01, 4.51386E+00
 6.13835E+01, 1.77721E+01, 3.92464E+00
 6.16826E+01, 1.29138E+01, 3.51052E+00
 6.19816E+01, 1.33635E+01, 3.85811E+00
 6.22807E+01, 1.59232E+01, 3.86499E+00
 6.25797E+01, 1.11497E+01, 3.20408E+00
 6.28787E+01, 8.96189E+00, 2.98160E+00
 6.31778E+01, 1.38118E+01, 3.61448E+00
 6.34768E+01, 8.18839E+00, 3.04428E+00
 6.37758E+01, 4.84797E+00, 2.29368E+00
 6.40749E+01, 9.38982E+00, 2.66203E+00
 6.43739E+01, 7.11194E+00, 3.09612E+00
 6.46730E+01, 6.75489E+00, 2.68764E+00
 6.49720E+01, 7.68113E+00, 3.17261E+00
 6.52710E+01, 1.29682E+01, 3.40934E+00
 6.55701E+01, 9.39529E+00, 3.05999E+00
 6.58691E+01, 7.69747E+00, 2.87865E+00
 6.61682E+01, 4.91605E+00, 2.17827E+00
 6.64672E+01, 4.26590E+00, 2.12536E+00
 6.67662E+01, 4.16194E+00, 2.00183E+00
 6.70653E+01, 3.11230E+00, 1.71379E+00
 6.73643E+01, 3.74213E+00, 1.94455E+00
 6.76634E+01, 4.82803E+00, 2.30859E+00
 6.79624E+01, 7.41515E+00, 2.91971E+00
 6.82614E+01, 8.76484E+00, 2.89776E+00
 6.85605E+01, 6.31976E+00, 2.37085E+00
 6.88595E+01, 4.04999E+00, 2.24239E+00
 6.91586E+01, 5.71008E+00, 2.36206E+00
 6.94576E+01, 3.79248E+00, 1.58284E+00
 6.97566E+01, 1.66292E+00, 1.49351E+00
 7.00557E+01, 7.08471E+00, 2.83047E+00
 7.03547E+01, 5.45543E+00, 2.17230E+00
 7.06537E+01, 5.54127E+00, 2.64313E+00
 7.09528E+01, 9.74319E+00, 3.08882E+00
 7.12518E+01, 6.11607E+00, 2.04243E+00
 7.15509E+01, 1.95130E+00, 1.52209E+00
 7.18499E+01, 3.97701E+00, 2.10938E+00
 7.21489E+01, 4.74870E+00, 1.94647E+00
 7.24480E+01, 3.80889E+00, 1.78120E+00
 7.27470E+01, 2.83535E+00, 1.66443E+00
 7.30461E+01, 2.57628E+00, 1.72652E+00
 7.33451E+01, 2.86806E+00, 1.56074E+00
 7.36441E+01, 2.12121E+00, 1.89067E+00
 7.39432E+01, 4.02014E+00, 1.81595E+00
 7.42422E+01, 4.87886E+00, 2.32316E+00
 7.45413E+01, 2.42255E+00, 8.78772E-01
 7.48403E+01, 1.51615E+00, 1.45030E+00
 7.51393E+01, 3.23976E+00, 1.61761E+00
 7.54384E+01, 2.09840E+00, 1.39175E+00
 7.57374E+01, 1.17936E+00, 1.00382E+00
 7.60365E+01, 2.18897E+00, 1.43492E+00
 7.63355E+01, 2.22039E+00, 1.39708E+00
 7.66345E+01, 6.30637E-01, 7.38006E-01
 7.69336E+01, 9.88579E-01, 1.35736E+00
 7.72326E+01, 2.82866E+00, 1.93906E+00
 7.75316E+01, 3.72382E+00, 1.70950E+00
 7.78307E+01, 3.30153E+00, 1.56464E+00
 7.81297E+01, 2.17795E+00, 1.73479E+00
 7.84288E+01, 3.07260E+00, 1.68075E+00
 7.87278E+01, 2.89517E+00, 1.57643E+00
 7.90268E+01, 7.21366E-01, 0.00000E+00
 7.93259E+01, 2.66815E-01, 5.58958E-01
 7.96249E+01, 7.03692E-01, 8.26501E-01
 7.99240E+01, 7.72286E-02, 0.00000E+00
 8.02230E+01, 4.67042E-01, 7.55846E-01
 8.05220E+01, 1.83819E+00, 1.50192E+00
 8.08211E+01, 2.29931E+00, 1.68531E+00
 8.11201E+01, 3.06366E+00, 1.47202E+00
 8.14192E+01, 9.07701E-01, 7.65178E-01
 8.17182E+01, 4.09083E-01, 7.52420E-01
 8.20172E+01, 2.64571E+00, 2.01736E+00
 8.23163E+01, 2.47485E+00, 8.63859E-01
 8.26153E+01, 1.30066E+00, 1.15227E+00
 8.29143E+01, 2.26686E+00, 1.42350E+00
 8.32134E+01, 1.39592E-01, 0.00000E+00
 8.35124E+01, 1.44107E-01, 3.49338E-01
 8.38115E+01, 7.55534E-01, 7.99294E-01
 8.41105E+01, 2.52203E-01, 5.18822E-01
 8.44095E+01, 7.28453E-01, 8.39223E-01
 8.47086E+01, 7.28512E-02, 0.00000E+00
 8.50076E+01, 0.00000E+00, 0.00000E+00
 8.53067E+01, 5.42620E-01, 8.22343E-01
 8.56057E+01, 3.68947E+00, 2.18650E+00
 8.59047E+01, 2.09021E+00, 8.25148E-01
 8.62038E+01, 2.55742E-01, 5.13034E-01
 8.65028E+01, 1.62556E+00, 1.45726E+00
 8.68019E+01, 1.39157E+00, 1.16626E+00
 8.71009E+01, 2.00329E+00, 1.16021E+00
 8.73999E+01, 4.32331E-02, 1.91267E-01
 8.76990E+01, 7.85847E-01, 8.14328E-01
 8.79980E+01, 0.00000E+00, 0.00000E+00
 8.82971E+01, 0.00000E+00, 0.00000E+00
 8.85961E+01, 0.00000E+00, 0.00000E+00
 8.88951E+01, 0.00000E+00, 0.00000E+00
 8.91942E+01, 0.00000E+00, 0.00000E+00
 8.94932E+01, 0.00000E+00, 0.00000E+00
 8.97922E+01, 2.56852E-02, 2.58723E-01
 9.00913E+01, 6.16546E-01, 1.22450E+00
 9.03903E+01, 8.70989E-01, 1.21131E+00
 9.06894E+01, 1.35132E+00, 1.23412E+00
 9.09884E+01, 2.52914E+00, 1.49850E+00
 9.12874E+01, 8.93385E-01, 2.67692E-01
 9.15865E+01, 1.28085E+00, 1.22309E+00
 9.18855E+01, 1.61817E+00, 1.15513E+00
 9.21846E+01, 1.38652E-01, 3.96767E-01
 9.24836E+01, 1.65726E+00, 1.26980E+00
 9.27826E+01, 1.46159E-01, 2.14345E-01
 9.30817E+01, 1.20624E+00, 1.48687E+00
 9.33807E+01, 1.01275E+00, 4.21456E-01
 9.36798E+01, 1.68004E-02, 0.00000E+00
 9.39788E+01, 3.41842E-01, 1.12750E+00
 9.42778E+01, 2.69340E+00, 1.68196E+00
 9.45769E+01, 1.20197E+00, 5.72561E-01
 9.48759E+01, 1.72120E+00, 1.21808E+00
 9.51749E+01, 9.20607E-02, 2.34934E-01
 9.54740E+01, 8.46906E-01, 9.08279E-01
 9.57730E+01, 1.12666E-01, 2.72696E-01
 9.60721E+01, 8.52244E-01, 9.39866E-01
 9.63711E+01, 2.51294E-01, 1.18607E+00
 9.66701E+01, 1.08883E+00, 0.00000E+00
 9.69692E+01, 3.05417E-02, 1.61101E-01
 9.72682E+01, 1.74194E+00, 1.43587E+00
 9.75673E+01, 4.56931E-01, 4.04280E-01
 9.78663E+01, 3.42131E-02, 0.00000E+00
 9.81653E+01, 1.69088E+00, 1.42255E+00
 9.84644E+01, 4.70167E-01, 3.63460E-01
 9.87634E+01, 2.89262E-02, 0.00000E+00
 9.90625E+01, 1.47013E-01, 3.82617E-01
 9.93615E+01, 7.50859E-01, 8.46119E-01
 9.96605E+01, 1.88980E+00, 1.72367E+00
 9.99596E+01, 5.51786E+00, 3.19014E+00
 1.00259E+02, 3.82633E+00, 2.91588E+00
 1.00558E+02, 2.56601E-02, 0.00000E+00
 1.00857E+02, 0.00000E+00, 0.00000E+00
 1.01156E+02, 4.59205E-01, 1.34298E+00
 1.01455E+02, 3.41245E+00, 3.58566E+00
 1.01754E+02, 6.93057E-02, 0.00000E+00
 1.02053E+02, 0.00000E+00, 0.00000E+00
 1.02352E+02, 0.00000E+00, 0.00000E+00
 1.02651E+02, 2.26378E-01, 9.47454E-01
 1.02950E+02, 3.51125E+00, 3.64506E+00
 1.03249E+02, 4.56278E-02, 0.00000E+00
 1.03548E+02, 1.18784E-01, 7.15085E-01
 1.03847E+02, 3.73201E+00, 3.76153E+00
 1.04146E+02, 0.00000E+00, 0.00000E+00
